-- MySQL dump 10.13  Distrib 5.1.73, for redhat-linux-gnu (x86_64)
--
-- Host: localhost    Database: pragma
-- ------------------------------------------------------
-- Server version	5.1.73

/*!40101 SET @OLD_CHARACTER_SET_CLIENT=@@CHARACTER_SET_CLIENT */;
/*!40101 SET @OLD_CHARACTER_SET_RESULTS=@@CHARACTER_SET_RESULTS */;
/*!40101 SET @OLD_COLLATION_CONNECTION=@@COLLATION_CONNECTION */;
/*!40101 SET NAMES utf8 */;
/*!40103 SET @OLD_TIME_ZONE=@@TIME_ZONE */;
/*!40103 SET TIME_ZONE='+00:00' */;
/*!40014 SET @OLD_UNIQUE_CHECKS=@@UNIQUE_CHECKS, UNIQUE_CHECKS=0 */;
/*!40014 SET @OLD_FOREIGN_KEY_CHECKS=@@FOREIGN_KEY_CHECKS, FOREIGN_KEY_CHECKS=0 */;
/*!40101 SET @OLD_SQL_MODE=@@SQL_MODE, SQL_MODE='NO_AUTO_VALUE_ON_ZERO' */;
/*!40111 SET @OLD_SQL_NOTES=@@SQL_NOTES, SQL_NOTES=0 */;

--
-- Table structure for table `canceled_reservation`
--

DROP TABLE IF EXISTS `canceled_reservation`;
/*!40101 SET @saved_cs_client     = @@character_set_client */;
/*!40101 SET character_set_client = utf8 */;
CREATE TABLE `canceled_reservation` (
  `reservation_id` bigint(20) unsigned NOT NULL,
  `reason` varchar(2048) NOT NULL,
  `end` datetime NOT NULL,
  PRIMARY KEY (`reservation_id`),
  CONSTRAINT `canceled_reservation_ibfk_1` FOREIGN KEY (`reservation_id`) REFERENCES `reservation` (`reservation_id`) ON UPDATE NO ACTION
) ENGINE=InnoDB DEFAULT CHARSET=utf8;
/*!40101 SET character_set_client = @saved_cs_client */;

--
-- Dumping data for table `canceled_reservation`
--

LOCK TABLES `canceled_reservation` WRITE;
/*!40000 ALTER TABLE `canceled_reservation` DISABLE KEYS */;
INSERT INTO `canceled_reservation` VALUES (8,'my job done!','0000-00-00 00:00:00'),(9,'my job finish!','0000-00-00 00:00:00'),(10,'my job finish!','0000-00-00 00:00:00'),(36,'None','2017-04-05 23:00:00'),(37,'test','2017-04-09 23:00:00'),(38,'test','2017-04-07 00:00:00'),(39,'test','2017-04-07 00:00:00'),(40,'I\'ll use another site instead,','2017-04-17 10:00:00'),(44,'No','2017-04-06 17:00:00'),(45,'-','2017-04-06 14:00:00'),(46,'-','2017-04-06 13:00:00'),(48,'None','2017-04-06 15:00:00'),(49,'None','2017-04-06 15:00:00'),(50,'None','2017-04-06 16:00:00'),(51,'None','2017-04-06 16:00:00'),(52,'None','2017-04-07 16:00:00'),(59,'My  jobs is done!','2017-05-26 19:00:00'),(60,'My job is done','2017-04-26 21:00:00'),(61,'-','2017-04-18 12:00:00'),(62,'MY JOB IS DONE!','2017-04-14 08:00:00'),(68,'My job is done!','2017-05-26 21:00:00'),(69,'MY JOS IS DONE!','2017-04-14 09:00:00'),(70,'job is done','2017-05-28 21:00:00'),(71,'My job is done.','2017-05-26 21:00:00');
/*!40000 ALTER TABLE `canceled_reservation` ENABLE KEYS */;
UNLOCK TABLES;

--
-- Table structure for table `connection_type`
--

DROP TABLE IF EXISTS `connection_type`;
/*!40101 SET @saved_cs_client     = @@character_set_client */;
/*!40101 SET character_set_client = utf8 */;
CREATE TABLE `connection_type` (
  `site_id` bigint(20) unsigned NOT NULL,
  `connection_type` varchar(16) NOT NULL,
  KEY `site_id` (`site_id`),
  KEY `image_type_id` (`connection_type`),
  CONSTRAINT `connection_type_ibfk_1` FOREIGN KEY (`site_id`) REFERENCES `site` (`site_id`)
) ENGINE=InnoDB DEFAULT CHARSET=utf8;
/*!40101 SET character_set_client = @saved_cs_client */;

--
-- Dumping data for table `connection_type`
--

LOCK TABLES `connection_type` WRITE;
/*!40000 ALTER TABLE `connection_type` DISABLE KEYS */;
INSERT INTO `connection_type` VALUES (1,'IPOP'),(1,'ENT'),(2,'IPOP'),(2,'ENT'),(3,'IPOP'),(4,'ENT'),(5,'IPOP'),(5,'ENT'),(6,'IPOP'),(7,'ENT'),(8,'ENT');
/*!40000 ALTER TABLE `connection_type` ENABLE KEYS */;
UNLOCK TABLES;

--
-- Table structure for table `image_type`
--

DROP TABLE IF EXISTS `image_type`;
/*!40101 SET @saved_cs_client     = @@character_set_client */;
/*!40101 SET character_set_client = utf8 */;
CREATE TABLE `image_type` (
  `site_id` bigint(20) unsigned NOT NULL,
  `image_type` varchar(16) NOT NULL,
  KEY `site_id` (`site_id`),
  KEY `image_type_id` (`image_type`),
  CONSTRAINT `image_type_ibfk_1` FOREIGN KEY (`site_id`) REFERENCES `site` (`site_id`)
) ENGINE=InnoDB DEFAULT CHARSET=utf8;
/*!40101 SET character_set_client = @saved_cs_client */;

--
-- Dumping data for table `image_type`
--

LOCK TABLES `image_type` WRITE;
/*!40000 ALTER TABLE `image_type` DISABLE KEYS */;
INSERT INTO `image_type` VALUES (1,'centos7'),(1,'hku_biolinux'),(2,'centos7'),(2,'hku_biolinux'),(3,'centos7'),(3,'hku_biolinux'),(3,'rocks-basic'),(4,'centos7'),(4,'rocks-basic'),(5,'centos7'),(5,'rocks-basic'),(5,'rocks-sge'),(6,'centos7'),(6,'rocks-basic'),(6,'rocks-sge'),(7,'centos7'),(7,'rocks-sge'),(7,'hku_biolinux'),(8,'centos7'),(8,'hku_biolinux'),(9,'centos7'),(9,'rocks-basic'),(10,'centos7');
/*!40000 ALTER TABLE `image_type` ENABLE KEYS */;
UNLOCK TABLES;

--
-- Table structure for table `reservation`
--

DROP TABLE IF EXISTS `reservation`;
/*!40101 SET @saved_cs_client     = @@character_set_client */;
/*!40101 SET character_set_client = utf8 */;
CREATE TABLE `reservation` (
  `reservation_id` bigint(20) unsigned NOT NULL AUTO_INCREMENT,
  `user_id` bigint(20) unsigned NOT NULL,
  `title` varchar(32) DEFAULT NULL,
  `description` varchar(64) DEFAULT NULL,
  `start` datetime NOT NULL,
  `end` datetime NOT NULL,
  `reference_number` varchar(32) NOT NULL,
  `image_type` varchar(16) NOT NULL,
  `type` varchar(64) NOT NULL,
  PRIMARY KEY (`reservation_id`),
  UNIQUE KEY `reference_number` (`reference_number`),
  UNIQUE KEY `reservation_id` (`reservation_id`),
  KEY `user_id` (`user_id`),
  CONSTRAINT `reservation_ibfk_1` FOREIGN KEY (`user_id`) REFERENCES `user` (`user_id`)
) ENGINE=InnoDB AUTO_INCREMENT=73 DEFAULT CHARSET=utf8;
/*!40101 SET character_set_client = @saved_cs_client */;

--
-- Dumping data for table `reservation`
--

LOCK TABLES `reservation` WRITE;
/*!40000 ALTER TABLE `reservation` DISABLE KEYS */;
INSERT INTO `reservation` VALUES (8,1,'New reservation','descriptions','2017-03-16 09:00:00','2017-03-16 12:00:00','BEW9HUTT7HYRO854JVXJ4ZZRA925QVGE','centOS7',''),(9,1,'New reservation','descriptions','2017-03-23 09:00:00','2017-03-23 12:00:00','JU6FH7BJ8OQ2BOEKN7T5IYBHWQOBDHGA','centOS7',''),(10,1,'A reservation','-','2017-03-23 02:00:00','2017-03-23 04:00:00','Q1QNQEY3IB8HDMT7V5XXPHRKAQJH4ST5','centOS7',''),(11,1,'A reservation','-','2017-03-23 02:00:00','2017-03-23 04:00:00','5677EWM49XAJYTK7YT7P13Q58GEKQG9P','centOS7','single cluster on a single site'),(12,1,'First test','hello world','2017-03-23 11:00:00','2017-03-23 12:00:00','IRF01WF7UJ7UO5CX5S57ITQFOLLSHFTE','Any','single'),(13,1,'Let\'s gooo','go go go go...','2017-03-23 11:00:00','2017-03-23 12:00:00','95JTXJ5FLFNROKM7E2XF3XHGWQ3Q6C81','Any','single'),(14,1,'Test again','again.','2017-03-24 11:00:00','2017-03-25 12:00:00','J76CVKFRDA7ULTBL1O0925LQ0ULYBU2E','Any','single'),(15,1,'-','-','2017-03-24 15:00:00','2017-03-24 16:00:00','W0ZYG6L3E2X80Y67KP7WWTI0LHS73O2F','Any','single'),(16,1,'12','21','2017-03-23 12:00:00','2017-03-23 13:00:00','X80WUBHSIN1E320ODHMQ1UJ5CH1UVW4J','Any','single'),(17,1,'testsdfse','testtesttesttesttest','2017-03-23 14:00:00','2017-03-23 15:00:00','70WILXPVN82AX9QL7MT6DZG9TVI3Y5E9','Any','single'),(18,1,'1','1','2017-03-23 14:00:00','2017-03-23 15:00:00','NGC2TK2K7LJQPX9GC2XHSC8MPF7FVK6W','Any','single'),(19,1,'1','1','2017-03-23 14:00:00','2017-03-23 15:00:00','6BACD09ARGGA8UP6NC7681M51I3U7CI8','Any','single'),(20,1,'Againnn','Again','2017-03-23 14:00:00','2017-03-23 15:00:00','18BKB7BBR9RDV9U1PBOG2ZQ8HW6LCJIF','Any','single'),(21,1,'-','-','2017-03-23 14:00:00','2017-03-23 15:00:00','HZJ9Z0Q2PVIUOG1S6YA5M1FAGLL9XSTW','Any','single'),(22,1,'-','-','2017-03-23 17:00:00','2017-03-23 18:00:00','4PMTYVTSODX3F3CLXM1PZ5KM6VB4ZRIZ','Any','single'),(23,1,'title','-','2017-03-23 22:00:00','2017-03-23 23:00:00','SGNZ8L3GP0TNSOHHF2M9S4KQ4GTLHYJ7','centos7','single'),(24,1,'1','1','2017-03-27 14:00:00','2017-03-27 15:00:00','Z4J9FIQWID3ABXPHXR57TXFFI2PMBND3','Any','single'),(25,1,'11','11','2017-03-27 15:00:00','2017-03-28 16:00:00','2YJUUYOISPEM8H2M1FPC01IZK9CZ1YT6','Any','single'),(26,2,'Test reserve','description','2017-04-04 01:00:00','2017-04-04 05:00:00','2A236BKJ0M7A56T05HROX3WPVKP62WO6','centos7','single'),(27,1,'Test reserve for user','description','2017-04-03 15:00:00','2017-04-03 17:00:00','U71I4LM2XNT8NAJL4XFHT9UFRVN9BAZZ','centos7','single'),(28,2,'Test','Test','2017-04-04 04:00:00','2017-04-04 05:00:00','J4Y8ASQY0V60QP886IVLP7E2SKL5L21I','Any','single'),(29,1,'1','1','2017-04-04 13:00:00','2017-04-04 14:00:00','3VO3VDV5RITVYDT32ZMUU9ZCMN1RZUAY','Any','single'),(30,2,'Admin','1234','2017-04-05 00:00:00','2017-04-05 01:00:00','HI7YIKN1O6NJXGXSW03Q1G6H6A0A0ZH4','centos7','single'),(31,1,'A','-','2017-04-04 14:00:00','2017-04-04 15:00:00','SC8N44XSQ81PLMWUMP8NVPEHSWR0026F','centos7','single'),(32,1,'test','test','2017-04-04 21:00:00','2017-04-04 22:00:00','AEDES2QOIZ6M79NPVXRWRSA0ODLHFE29','centos7','single'),(33,2,'1','1','2017-04-05 22:00:00','2017-04-05 16:00:00','R9G5RNX72PZXGF28LYPS163VO8VU35JR','Any','single'),(34,2,'A','a','2017-04-06 00:00:00','2017-04-05 16:00:00','3ERW9Q8WX3M4JW6CY7VMI59KRY9SINOR','Any','single'),(35,2,'Test','Test','2017-04-06 01:00:00','2017-04-05 16:00:00','RCSVX9ALHW0WRCWQMH16Q92SJN690RK6','centos7','single'),(36,2,'1','1','2017-04-06 02:00:00','2017-04-05 23:00:00','F95SMZKDLRHVIXI2WR775WP28MZZKXZE','Any','single'),(37,2,'2','2','2017-04-07 23:00:00','2017-04-09 23:00:00','82212ZGTIN60OFN8G60V2R9TXCZJH1XA','centos7','single'),(38,2,'test','test','2017-04-06 00:00:00','2017-04-07 00:00:00','NAKA8VSQFCI1PTKKJ8ONAHKHC17FIAG9','Any','single'),(39,1,'test','test','2017-04-06 00:00:00','2017-04-07 00:00:00','IQO4JB1T6VDN55BOC2FKIVP6DE7549MS','Any','single'),(40,2,'test','test','2017-04-06 00:00:00','2017-04-13 12:00:00','IXT4EKQQMK7U41GZA2ODUV6USPHR8PAF','Any','single'),(41,1,'1','1','2017-04-06 00:00:00','2017-04-07 02:00:00','UPJI3SN7J0PG0IWYLI6FAVHUOGIQVYQN','Any','single'),(42,2,'1','1','2017-04-06 01:00:00','2017-04-08 06:00:00','1WW8TS93X0XA3XS4WT2GMQMAZTXK85W2','Any','single'),(43,2,'1','1','2017-04-06 01:00:00','2017-04-06 08:00:00','2DM39RDN88M9PB6YH2GL522QX278C4W0','Any','single'),(44,1,'t','t','2017-04-06 12:00:00','2017-04-06 17:00:00','OYJLFG7MPP31FKGLHIPFLOMG74IJZM80','centos7','single'),(45,1,'No','No','2017-04-06 13:00:00','2017-04-06 14:00:00','1MOPOWW1OZ1L8KPHCSAUOH2UD20FWACA','Any','single'),(46,1,'aaA','AAAB','2017-04-06 12:00:00','2017-04-06 09:00:00','05PRYF0LQ9Y8Z4UJBGFSUI53T52HPI3Z','centos7','single'),(47,2,'None','None','2017-04-06 13:00:00','2017-04-06 15:00:00','3LEGALLYA40LZXKEZEF05C8AW3X899YK','None','None'),(48,1,'None','None','2017-04-06 13:00:00','2017-04-06 09:00:00','JZFR2IFWTEIIDOJ3YY25XOMK0I1OK1PU','None','None'),(49,1,'None','None','2017-04-06 13:00:00','2017-04-06 13:39:50','R9SWUVGN1JJGOICZ77EQGQ8ZLBQYGD0R','None','None'),(50,1,'None','None','2017-04-06 13:00:00','2017-04-06 15:00:00','JT1QDUNAIR0S904REPN9WCDMTIL8CWW5','None','None'),(51,1,'None','None','2017-04-06 13:00:00','2017-04-06 15:00:00','PK1RC2FVCTLTF7ZEQUR133DPLQ72QIEM','None','None'),(52,1,'None','None','2017-04-07 13:00:00','2017-04-06 15:00:00','LSA38V75LH8O7RIK707LC8WE7O50PE68','None','None'),(53,3,'Test Reservation','-','2017-04-06 20:00:00','2017-04-06 21:00:00','OVF6VARVPN0A3IFEC2XXJYKJ1OGU4C7Q','Any','single'),(54,3,'Test Reservation Aj. Noon','-','2017-04-06 21:00:00','2017-04-06 22:00:00','FCIDGEBWSE74LVLK0CI04QSRSP6S050G','Any','single'),(55,3,'pragma32','test search suggestion','2017-04-14 15:00:00','2017-04-14 16:00:00','SM3LTHCNEEIYKDSR8DV684GMTUFRS5NP','centos7','single'),(56,3,'Test','-','2017-04-26 15:00:00','2017-04-28 16:00:00','PPXPKH4QN77JGKTQ5V7XE78FFA29TLZ0','centos7','single'),(57,3,'MM type','-','2017-05-10 05:00:00','2017-05-11 18:00:00','NDJUXJ93ABY66VA96RG5CRVQ6JPR1NB0','centos7','single'),(58,3,'Thammasat','-','2017-04-06 13:00:00','2017-04-06 16:00:00','TA5Y5ZSLOZ7WTJUZ7GXVIETS0AVDXS0I','None','None'),(59,3,'My first reservation','-','2017-05-24 08:00:00','2017-04-11 17:00:00','Z72HWJYOAPL3JOHSQ47C2V3XO4QJUH2G','centos7','single'),(60,3,'Jason','-','2017-04-24 08:00:00','2017-04-12 11:00:00','24KOWCVJIN6PHE9E11RBTPYXY7G2TZ0Q','centos7','single'),(61,3,'nchc-test','-','2017-04-18 11:00:00','2017-04-12 11:00:00','P9CEM8I5W5ROHMG04DSB3D6K43GZYZIR','centos7','single'),(62,3,'my first reservation','-','2017-04-12 11:00:00','2017-04-13 17:00:00','JQAY7BE48DYVJ3GMSK5KI8CCLWAL7729','centos7','single'),(63,1,'Test','Test','2017-04-12 16:00:00','2017-04-13 02:00:00','WAAZN87Z619AGJG3DJVMDMCY5C3T156P','Any','single'),(64,1,'Test-A1','-','2017-04-14 16:00:00','2017-04-14 22:00:00','7I1AM8YA3CWXHZJVE40RC9KWPI96PX5G','centos7','single'),(65,2,'Network test','-','2017-04-25 01:00:00','2017-04-25 17:00:00','95OGR7FKZXIST8XQ1IC1PEBR11S3E310','centos7','single'),(66,2,'pragma32','-','2017-04-14 10:00:00','2017-04-17 13:00:00','VDELWZY54K2CIC099U32S27R4UY0YNZ4','centos7','single'),(67,2,'pragma32-2','-','2017-04-15 13:00:00','2017-04-22 13:00:00','E6Q2DXY50ZOVE63F0SSLC3FUKK7LN9L1','centos7','single'),(68,3,'Mary-','-','2017-05-24 08:00:00','2017-04-13 17:00:00','VFOFIYGCW652Y9XIM4VR1PVVZ30C9XQ5','centos7','single'),(69,3,'Ryan-','Not sure what this, but its cool','2017-04-13 17:00:00','2017-04-13 17:00:00','TUY4PME8EOYJ81U3ZDI3OETG2ZSXOJKG','Any','single'),(70,3,'test','-','2017-05-24 08:00:00','2017-04-14 10:00:00','015XF7VCIMXNGILLN3RIINZUNGVO2P6C','Any','single'),(71,3,'yoshio','-','2017-05-24 08:00:00','2017-04-14 12:00:00','VC5E0ETQ9V1N383B91JS9COHF7X13OS8','centos7','single'),(72,3,'For usability test','-','2017-04-14 12:00:00','2017-04-21 23:00:00','5GNDTPFWDTIKENBLV0KM0TKCW95AAR7R','centos7','single');
/*!40000 ALTER TABLE `reservation` ENABLE KEYS */;
UNLOCK TABLES;

--
-- Table structure for table `schedule`
--

DROP TABLE IF EXISTS `schedule`;
/*!40101 SET @saved_cs_client     = @@character_set_client */;
/*!40101 SET character_set_client = utf8 */;
CREATE TABLE `schedule` (
  `site_id` bigint(20) unsigned NOT NULL,
  `start` datetime NOT NULL,
  `end` datetime NOT NULL,
  `cpu` int(11) NOT NULL,
  `memory` int(11) NOT NULL,
  KEY `site_id` (`site_id`),
  KEY `start` (`start`),
  CONSTRAINT `schedule_ibfk_1` FOREIGN KEY (`site_id`) REFERENCES `site` (`site_id`)
) ENGINE=InnoDB DEFAULT CHARSET=utf8;
/*!40101 SET character_set_client = @saved_cs_client */;

--
-- Dumping data for table `schedule`
--

LOCK TABLES `schedule` WRITE;
/*!40000 ALTER TABLE `schedule` DISABLE KEYS */;
INSERT INTO `schedule` VALUES (1,'2017-03-16 09:00:00','2017-03-16 10:00:00',0,0),(2,'2017-03-16 09:00:00','2017-03-16 10:00:00',0,0),(1,'2017-03-16 10:00:00','2017-03-16 11:00:00',0,0),(2,'2017-03-16 10:00:00','2017-03-16 11:00:00',0,0),(1,'2017-03-16 11:00:00','2017-03-16 12:00:00',0,0),(2,'2017-03-16 11:00:00','2017-03-16 12:00:00',0,0),(1,'2017-03-23 09:00:00','2017-03-23 10:00:00',0,0),(2,'2017-03-23 09:00:00','2017-03-23 10:00:00',0,0),(1,'2017-03-23 10:00:00','2017-03-23 11:00:00',0,0),(2,'2017-03-23 10:00:00','2017-03-23 11:00:00',0,0),(1,'2017-03-23 11:00:00','2017-03-23 12:00:00',0,0),(2,'2017-03-23 11:00:00','2017-03-23 12:00:00',0,0),(5,'2017-03-23 02:00:00','2017-03-23 03:00:00',4,4),(6,'2017-03-23 02:00:00','2017-03-23 03:00:00',8,16),(5,'2017-03-23 03:00:00','2017-03-23 04:00:00',2,2),(6,'2017-03-23 03:00:00','2017-03-23 04:00:00',4,8),(7,'2017-03-23 11:00:00','2017-03-23 12:00:00',2,2),(7,'2017-03-24 11:00:00','2017-03-24 12:00:00',1,1),(7,'2017-03-24 12:00:00','2017-03-24 13:00:00',1,1),(7,'2017-03-24 13:00:00','2017-03-24 14:00:00',1,1),(7,'2017-03-24 14:00:00','2017-03-24 15:00:00',1,1),(7,'2017-03-24 15:00:00','2017-03-24 16:00:00',13,124),(7,'2017-03-24 16:00:00','2017-03-24 17:00:00',1,1),(7,'2017-03-24 17:00:00','2017-03-24 18:00:00',1,1),(7,'2017-03-24 18:00:00','2017-03-24 19:00:00',1,1),(7,'2017-03-24 19:00:00','2017-03-24 20:00:00',1,1),(7,'2017-03-24 20:00:00','2017-03-24 21:00:00',1,1),(7,'2017-03-24 21:00:00','2017-03-24 22:00:00',1,1),(7,'2017-03-24 22:00:00','2017-03-24 23:00:00',1,1),(7,'2017-03-24 23:00:00','2017-03-25 00:00:00',1,1),(7,'2017-03-25 00:00:00','2017-03-25 01:00:00',1,1),(7,'2017-03-25 01:00:00','2017-03-25 02:00:00',1,1),(7,'2017-03-25 02:00:00','2017-03-25 03:00:00',1,1),(7,'2017-03-25 03:00:00','2017-03-25 04:00:00',1,1),(7,'2017-03-25 04:00:00','2017-03-25 05:00:00',1,1),(7,'2017-03-25 05:00:00','2017-03-25 06:00:00',1,1),(7,'2017-03-25 06:00:00','2017-03-25 07:00:00',1,1),(7,'2017-03-25 07:00:00','2017-03-25 08:00:00',1,1),(7,'2017-03-25 08:00:00','2017-03-25 09:00:00',1,1),(7,'2017-03-25 09:00:00','2017-03-25 10:00:00',1,1),(7,'2017-03-25 10:00:00','2017-03-25 11:00:00',1,1),(7,'2017-03-25 11:00:00','2017-03-25 12:00:00',1,1),(7,'2017-03-23 12:00:00','2017-03-23 13:00:00',1,1),(7,'2017-03-23 14:00:00','2017-03-23 15:00:00',20,27),(9,'2017-03-23 14:00:00','2017-03-23 15:00:00',1,1),(7,'2017-03-23 17:00:00','2017-03-23 18:00:00',1,1),(7,'2017-03-23 22:00:00','2017-03-23 23:00:00',2,4),(5,'2017-03-23 22:00:00','2017-03-23 23:00:00',2,4),(7,'2017-03-27 14:00:00','2017-03-27 15:00:00',2,2),(7,'2017-03-27 15:00:00','2017-03-27 16:00:00',1,1),(7,'2017-03-27 16:00:00','2017-03-27 17:00:00',1,1),(7,'2017-03-27 17:00:00','2017-03-27 18:00:00',1,1),(7,'2017-03-27 18:00:00','2017-03-27 19:00:00',1,1),(7,'2017-03-27 19:00:00','2017-03-27 20:00:00',1,1),(7,'2017-03-27 20:00:00','2017-03-27 21:00:00',1,1),(7,'2017-03-27 21:00:00','2017-03-27 22:00:00',1,1),(7,'2017-03-27 22:00:00','2017-03-27 23:00:00',1,1),(7,'2017-03-27 23:00:00','2017-03-28 00:00:00',1,1),(7,'2017-03-28 00:00:00','2017-03-28 01:00:00',1,1),(7,'2017-03-28 01:00:00','2017-03-28 02:00:00',1,1),(7,'2017-03-28 02:00:00','2017-03-28 03:00:00',1,1),(7,'2017-03-28 03:00:00','2017-03-28 04:00:00',1,1),(7,'2017-03-28 04:00:00','2017-03-28 05:00:00',1,1),(7,'2017-03-28 05:00:00','2017-03-28 06:00:00',1,1),(7,'2017-03-28 06:00:00','2017-03-28 07:00:00',1,1),(7,'2017-03-28 07:00:00','2017-03-28 08:00:00',1,1),(7,'2017-03-28 08:00:00','2017-03-28 09:00:00',1,1),(7,'2017-03-28 09:00:00','2017-03-28 10:00:00',1,1),(7,'2017-03-28 10:00:00','2017-03-28 11:00:00',1,1),(7,'2017-03-28 11:00:00','2017-03-28 12:00:00',1,1),(7,'2017-03-28 12:00:00','2017-03-28 13:00:00',1,1),(7,'2017-03-28 13:00:00','2017-03-28 14:00:00',1,1),(7,'2017-03-28 14:00:00','2017-03-28 15:00:00',1,1),(7,'2017-03-28 15:00:00','2017-03-28 16:00:00',1,1),(7,'2017-04-04 01:00:00','2017-04-04 02:00:00',2,2),(7,'2017-04-04 02:00:00','2017-04-04 03:00:00',2,2),(7,'2017-04-04 03:00:00','2017-04-04 04:00:00',2,2),(7,'2017-04-04 04:00:00','2017-04-04 05:00:00',2,2),(7,'2017-04-03 15:00:00','2017-04-03 16:00:00',1,1),(7,'2017-04-03 16:00:00','2017-04-03 17:00:00',1,1),(5,'2017-04-04 04:00:00','2017-04-04 05:00:00',1,1),(7,'2017-04-04 13:00:00','2017-04-04 14:00:00',1,1),(7,'2017-04-05 00:00:00','2017-04-05 01:00:00',1,1),(9,'2017-04-04 14:00:00','2017-04-04 15:00:00',5,2),(7,'2017-04-04 21:00:00','2017-04-04 22:00:00',1,1),(7,'2017-04-05 22:00:00','2017-04-05 23:00:00',4,4),(7,'2017-04-06 00:00:00','2017-04-06 01:00:00',12,12),(4,'2017-04-06 01:00:00','2017-04-06 02:00:00',1,1),(5,'2017-04-06 01:00:00','2017-04-06 02:00:00',3,3),(7,'2017-04-06 01:00:00','2017-04-06 02:00:00',16,16),(7,'2017-04-06 02:00:00','2017-04-06 03:00:00',16,16),(7,'2017-04-06 03:00:00','2017-04-06 04:00:00',16,16),(7,'2017-04-06 04:00:00','2017-04-06 05:00:00',16,16),(7,'2017-04-06 05:00:00','2017-04-06 06:00:00',16,16),(7,'2017-04-05 23:00:00','2017-04-06 00:00:00',6,6),(7,'2017-04-06 06:00:00','2017-04-06 07:00:00',15,15),(7,'2017-04-06 07:00:00','2017-04-06 08:00:00',15,15),(7,'2017-04-06 08:00:00','2017-04-06 09:00:00',13,13),(7,'2017-04-06 09:00:00','2017-04-06 10:00:00',13,13),(7,'2017-04-06 10:00:00','2017-04-06 11:00:00',13,13),(7,'2017-04-06 11:00:00','2017-04-06 12:00:00',13,13),(7,'2017-04-06 12:00:00','2017-04-06 13:00:00',13,13),(7,'2017-04-06 13:00:00','2017-04-06 14:00:00',13,13),(7,'2017-04-06 14:00:00','2017-04-06 15:00:00',13,13),(7,'2017-04-06 15:00:00','2017-04-06 16:00:00',13,13),(7,'2017-04-06 16:00:00','2017-04-06 17:00:00',13,13),(7,'2017-04-06 17:00:00','2017-04-06 18:00:00',13,13),(7,'2017-04-06 18:00:00','2017-04-06 19:00:00',13,13),(7,'2017-04-06 19:00:00','2017-04-06 20:00:00',13,13),(7,'2017-04-06 20:00:00','2017-04-06 21:00:00',13,13),(7,'2017-04-06 21:00:00','2017-04-06 22:00:00',17,17),(7,'2017-04-06 22:00:00','2017-04-06 23:00:00',12,12),(7,'2017-04-06 23:00:00','2017-04-07 00:00:00',9,9),(7,'2017-04-07 00:00:00','2017-04-07 01:00:00',9,9),(7,'2017-04-07 01:00:00','2017-04-07 02:00:00',9,9),(7,'2017-04-07 02:00:00','2017-04-07 03:00:00',8,8),(7,'2017-04-07 03:00:00','2017-04-07 04:00:00',8,8),(7,'2017-04-07 04:00:00','2017-04-07 05:00:00',8,8),(7,'2017-04-07 05:00:00','2017-04-07 06:00:00',8,8),(7,'2017-04-07 06:00:00','2017-04-07 07:00:00',8,8),(7,'2017-04-07 07:00:00','2017-04-07 08:00:00',8,8),(7,'2017-04-07 08:00:00','2017-04-07 09:00:00',8,8),(7,'2017-04-07 09:00:00','2017-04-07 10:00:00',8,8),(7,'2017-04-07 10:00:00','2017-04-07 11:00:00',8,8),(7,'2017-04-07 11:00:00','2017-04-07 12:00:00',8,8),(7,'2017-04-07 12:00:00','2017-04-07 13:00:00',8,8),(7,'2017-04-07 13:00:00','2017-04-07 14:00:00',8,8),(7,'2017-04-07 14:00:00','2017-04-07 15:00:00',8,8),(7,'2017-04-07 15:00:00','2017-04-07 16:00:00',8,8),(7,'2017-04-07 16:00:00','2017-04-07 17:00:00',8,8),(7,'2017-04-07 17:00:00','2017-04-07 18:00:00',8,8),(7,'2017-04-07 18:00:00','2017-04-07 19:00:00',8,8),(7,'2017-04-07 19:00:00','2017-04-07 20:00:00',8,8),(7,'2017-04-07 20:00:00','2017-04-07 21:00:00',8,8),(7,'2017-04-07 21:00:00','2017-04-07 22:00:00',8,8),(5,'2017-04-07 23:00:00','2017-04-08 00:00:00',0,0),(5,'2017-04-08 00:00:00','2017-04-08 01:00:00',0,0),(5,'2017-04-08 01:00:00','2017-04-08 02:00:00',0,0),(5,'2017-04-08 02:00:00','2017-04-08 03:00:00',0,0),(5,'2017-04-08 03:00:00','2017-04-08 04:00:00',0,0),(5,'2017-04-08 04:00:00','2017-04-08 05:00:00',0,0),(5,'2017-04-08 05:00:00','2017-04-08 06:00:00',0,0),(5,'2017-04-08 06:00:00','2017-04-08 07:00:00',0,0),(5,'2017-04-08 07:00:00','2017-04-08 08:00:00',0,0),(5,'2017-04-08 08:00:00','2017-04-08 09:00:00',0,0),(5,'2017-04-08 09:00:00','2017-04-08 10:00:00',0,0),(5,'2017-04-08 10:00:00','2017-04-08 11:00:00',0,0),(5,'2017-04-08 11:00:00','2017-04-08 12:00:00',0,0),(5,'2017-04-08 12:00:00','2017-04-08 13:00:00',0,0),(5,'2017-04-08 13:00:00','2017-04-08 14:00:00',0,0),(5,'2017-04-08 14:00:00','2017-04-08 15:00:00',0,0),(5,'2017-04-08 15:00:00','2017-04-08 16:00:00',0,0),(5,'2017-04-08 16:00:00','2017-04-08 17:00:00',0,0),(5,'2017-04-08 17:00:00','2017-04-08 18:00:00',0,0),(5,'2017-04-08 18:00:00','2017-04-08 19:00:00',0,0),(5,'2017-04-08 19:00:00','2017-04-08 20:00:00',0,0),(5,'2017-04-08 20:00:00','2017-04-08 21:00:00',0,0),(5,'2017-04-08 21:00:00','2017-04-08 22:00:00',0,0),(5,'2017-04-08 22:00:00','2017-04-08 23:00:00',0,0),(5,'2017-04-08 23:00:00','2017-04-09 00:00:00',0,0),(5,'2017-04-09 00:00:00','2017-04-09 01:00:00',0,0),(5,'2017-04-09 01:00:00','2017-04-09 02:00:00',0,0),(5,'2017-04-09 02:00:00','2017-04-09 03:00:00',0,0),(5,'2017-04-09 03:00:00','2017-04-09 04:00:00',0,0),(5,'2017-04-09 04:00:00','2017-04-09 05:00:00',0,0),(5,'2017-04-09 05:00:00','2017-04-09 06:00:00',0,0),(5,'2017-04-09 06:00:00','2017-04-09 07:00:00',0,0),(5,'2017-04-09 07:00:00','2017-04-09 08:00:00',0,0),(5,'2017-04-09 08:00:00','2017-04-09 09:00:00',0,0),(5,'2017-04-09 09:00:00','2017-04-09 10:00:00',0,0),(5,'2017-04-09 10:00:00','2017-04-09 11:00:00',0,0),(5,'2017-04-09 11:00:00','2017-04-09 12:00:00',0,0),(5,'2017-04-09 12:00:00','2017-04-09 13:00:00',0,0),(5,'2017-04-09 13:00:00','2017-04-09 14:00:00',0,0),(5,'2017-04-09 14:00:00','2017-04-09 15:00:00',0,0),(5,'2017-04-09 15:00:00','2017-04-09 16:00:00',0,0),(5,'2017-04-09 16:00:00','2017-04-09 17:00:00',0,0),(5,'2017-04-09 17:00:00','2017-04-09 18:00:00',0,0),(5,'2017-04-09 18:00:00','2017-04-09 19:00:00',0,0),(5,'2017-04-09 19:00:00','2017-04-09 20:00:00',0,0),(5,'2017-04-09 20:00:00','2017-04-09 21:00:00',0,0),(5,'2017-04-09 21:00:00','2017-04-09 22:00:00',0,0),(5,'2017-04-09 22:00:00','2017-04-09 23:00:00',0,0),(7,'2017-04-07 22:00:00','2017-04-07 23:00:00',6,6),(7,'2017-04-07 23:00:00','2017-04-08 00:00:00',6,6),(7,'2017-04-08 00:00:00','2017-04-08 01:00:00',4,4),(7,'2017-04-08 01:00:00','2017-04-08 02:00:00',4,4),(7,'2017-04-08 02:00:00','2017-04-08 03:00:00',4,4),(7,'2017-04-08 03:00:00','2017-04-08 04:00:00',4,4),(7,'2017-04-08 04:00:00','2017-04-08 05:00:00',4,4),(7,'2017-04-08 05:00:00','2017-04-08 06:00:00',4,4),(7,'2017-04-08 06:00:00','2017-04-08 07:00:00',2,2),(7,'2017-04-08 07:00:00','2017-04-08 08:00:00',2,2),(7,'2017-04-08 08:00:00','2017-04-08 09:00:00',2,2),(7,'2017-04-08 09:00:00','2017-04-08 10:00:00',2,2),(7,'2017-04-08 10:00:00','2017-04-08 11:00:00',2,2),(7,'2017-04-08 11:00:00','2017-04-08 12:00:00',2,2),(7,'2017-04-08 12:00:00','2017-04-08 13:00:00',2,2),(7,'2017-04-08 13:00:00','2017-04-08 14:00:00',2,2),(7,'2017-04-08 14:00:00','2017-04-08 15:00:00',2,2),(7,'2017-04-08 15:00:00','2017-04-08 16:00:00',2,2),(7,'2017-04-08 16:00:00','2017-04-08 17:00:00',2,2),(7,'2017-04-08 17:00:00','2017-04-08 18:00:00',2,2),(7,'2017-04-08 18:00:00','2017-04-08 19:00:00',2,2),(7,'2017-04-08 19:00:00','2017-04-08 20:00:00',2,2),(7,'2017-04-08 20:00:00','2017-04-08 21:00:00',2,2),(7,'2017-04-08 21:00:00','2017-04-08 22:00:00',2,2),(7,'2017-04-08 22:00:00','2017-04-08 23:00:00',2,2),(7,'2017-04-08 23:00:00','2017-04-09 00:00:00',2,2),(7,'2017-04-09 00:00:00','2017-04-09 01:00:00',2,2),(7,'2017-04-09 01:00:00','2017-04-09 02:00:00',2,2),(7,'2017-04-09 02:00:00','2017-04-09 03:00:00',2,2),(7,'2017-04-09 03:00:00','2017-04-09 04:00:00',2,2),(7,'2017-04-09 04:00:00','2017-04-09 05:00:00',2,2),(7,'2017-04-09 05:00:00','2017-04-09 06:00:00',2,2),(7,'2017-04-09 06:00:00','2017-04-09 07:00:00',2,2),(7,'2017-04-09 07:00:00','2017-04-09 08:00:00',2,2),(7,'2017-04-09 08:00:00','2017-04-09 09:00:00',2,2),(7,'2017-04-09 09:00:00','2017-04-09 10:00:00',2,2),(7,'2017-04-09 10:00:00','2017-04-09 11:00:00',2,2),(7,'2017-04-09 11:00:00','2017-04-09 12:00:00',2,2),(7,'2017-04-09 12:00:00','2017-04-09 13:00:00',2,2),(7,'2017-04-09 13:00:00','2017-04-09 14:00:00',2,2),(7,'2017-04-09 14:00:00','2017-04-09 15:00:00',2,2),(7,'2017-04-09 15:00:00','2017-04-09 16:00:00',2,2),(7,'2017-04-09 16:00:00','2017-04-09 17:00:00',2,2),(7,'2017-04-09 17:00:00','2017-04-09 18:00:00',2,2),(7,'2017-04-09 18:00:00','2017-04-09 19:00:00',2,2),(7,'2017-04-09 19:00:00','2017-04-09 20:00:00',2,2),(7,'2017-04-09 20:00:00','2017-04-09 21:00:00',2,2),(7,'2017-04-09 21:00:00','2017-04-09 22:00:00',2,2),(7,'2017-04-09 22:00:00','2017-04-09 23:00:00',2,2),(7,'2017-04-09 23:00:00','2017-04-10 00:00:00',2,2),(7,'2017-04-10 00:00:00','2017-04-10 01:00:00',2,2),(7,'2017-04-10 01:00:00','2017-04-10 02:00:00',2,2),(7,'2017-04-10 02:00:00','2017-04-10 03:00:00',2,2),(7,'2017-04-10 03:00:00','2017-04-10 04:00:00',2,2),(7,'2017-04-10 04:00:00','2017-04-10 05:00:00',2,2),(7,'2017-04-10 05:00:00','2017-04-10 06:00:00',2,2),(7,'2017-04-10 06:00:00','2017-04-10 07:00:00',2,2),(7,'2017-04-10 07:00:00','2017-04-10 08:00:00',2,2),(7,'2017-04-10 08:00:00','2017-04-10 09:00:00',2,2),(7,'2017-04-10 09:00:00','2017-04-10 10:00:00',2,2),(7,'2017-04-10 10:00:00','2017-04-10 11:00:00',2,2),(7,'2017-04-10 11:00:00','2017-04-10 12:00:00',2,2),(7,'2017-04-10 12:00:00','2017-04-10 13:00:00',2,2),(7,'2017-04-10 13:00:00','2017-04-10 14:00:00',2,2),(7,'2017-04-10 14:00:00','2017-04-10 15:00:00',2,2),(7,'2017-04-10 15:00:00','2017-04-10 16:00:00',2,2),(7,'2017-04-10 16:00:00','2017-04-10 17:00:00',2,2),(7,'2017-04-10 17:00:00','2017-04-10 18:00:00',2,2),(7,'2017-04-10 18:00:00','2017-04-10 19:00:00',2,2),(7,'2017-04-10 19:00:00','2017-04-10 20:00:00',2,2),(7,'2017-04-10 20:00:00','2017-04-10 21:00:00',2,2),(7,'2017-04-10 21:00:00','2017-04-10 22:00:00',2,2),(7,'2017-04-10 22:00:00','2017-04-10 23:00:00',2,2),(7,'2017-04-10 23:00:00','2017-04-11 00:00:00',2,2),(7,'2017-04-11 00:00:00','2017-04-11 01:00:00',2,2),(7,'2017-04-11 01:00:00','2017-04-11 02:00:00',2,2),(7,'2017-04-11 02:00:00','2017-04-11 03:00:00',2,2),(7,'2017-04-11 03:00:00','2017-04-11 04:00:00',2,2),(9,'2017-04-06 01:00:00','2017-04-06 02:00:00',2,2),(9,'2017-04-06 02:00:00','2017-04-06 03:00:00',2,2),(5,'2017-04-06 02:00:00','2017-04-06 03:00:00',2,2),(9,'2017-04-06 03:00:00','2017-04-06 04:00:00',2,2),(5,'2017-04-06 03:00:00','2017-04-06 04:00:00',2,2),(9,'2017-04-06 04:00:00','2017-04-06 05:00:00',2,2),(5,'2017-04-06 04:00:00','2017-04-06 05:00:00',2,2),(9,'2017-04-06 05:00:00','2017-04-06 06:00:00',2,2),(5,'2017-04-06 05:00:00','2017-04-06 06:00:00',2,2),(9,'2017-04-06 06:00:00','2017-04-06 07:00:00',2,2),(5,'2017-04-06 06:00:00','2017-04-06 07:00:00',2,2),(9,'2017-04-06 07:00:00','2017-04-06 08:00:00',2,2),(5,'2017-04-06 07:00:00','2017-04-06 08:00:00',2,2),(5,'2017-04-06 12:00:00','2017-04-06 13:00:00',0,0),(5,'2017-04-06 13:00:00','2017-04-06 14:00:00',0,0),(5,'2017-04-06 14:00:00','2017-04-06 15:00:00',0,0),(5,'2017-04-06 15:00:00','2017-04-06 16:00:00',0,0),(5,'2017-04-06 16:00:00','2017-04-06 17:00:00',0,0),(7,'2017-04-11 04:00:00','2017-04-11 05:00:00',2,2),(7,'2017-04-11 05:00:00','2017-04-11 06:00:00',2,2),(7,'2017-04-11 06:00:00','2017-04-11 07:00:00',2,2),(7,'2017-04-11 07:00:00','2017-04-11 08:00:00',2,2),(7,'2017-04-11 08:00:00','2017-04-11 09:00:00',2,2),(7,'2017-04-11 09:00:00','2017-04-11 10:00:00',2,2),(7,'2017-04-11 10:00:00','2017-04-11 11:00:00',2,2),(7,'2017-04-11 11:00:00','2017-04-11 12:00:00',2,2),(7,'2017-04-11 12:00:00','2017-04-11 13:00:00',2,2),(7,'2017-04-11 13:00:00','2017-04-11 14:00:00',2,2),(7,'2017-04-11 14:00:00','2017-04-11 15:00:00',2,2),(7,'2017-04-11 15:00:00','2017-04-11 16:00:00',2,2),(7,'2017-04-11 16:00:00','2017-04-11 17:00:00',2,2),(7,'2017-04-11 17:00:00','2017-04-11 18:00:00',2,2),(7,'2017-04-11 18:00:00','2017-04-11 19:00:00',2,2),(7,'2017-04-11 19:00:00','2017-04-11 20:00:00',2,2),(7,'2017-04-11 20:00:00','2017-04-11 21:00:00',2,2),(7,'2017-04-11 21:00:00','2017-04-11 22:00:00',2,2),(7,'2017-04-11 22:00:00','2017-04-11 23:00:00',2,2),(7,'2017-04-11 23:00:00','2017-04-12 00:00:00',2,2),(7,'2017-04-12 00:00:00','2017-04-12 01:00:00',2,2),(7,'2017-04-12 01:00:00','2017-04-12 02:00:00',2,2),(7,'2017-04-12 02:00:00','2017-04-12 03:00:00',2,2),(7,'2017-04-12 03:00:00','2017-04-12 04:00:00',2,2),(7,'2017-04-12 04:00:00','2017-04-12 05:00:00',2,2),(7,'2017-04-12 05:00:00','2017-04-12 06:00:00',2,2),(7,'2017-04-12 06:00:00','2017-04-12 07:00:00',2,2),(7,'2017-04-12 07:00:00','2017-04-12 08:00:00',2,2),(7,'2017-04-12 08:00:00','2017-04-12 09:00:00',2,2),(7,'2017-04-12 09:00:00','2017-04-12 10:00:00',2,2),(7,'2017-04-12 10:00:00','2017-04-12 11:00:00',2,2),(7,'2017-04-12 11:00:00','2017-04-12 12:00:00',2,2),(7,'2017-04-12 12:00:00','2017-04-12 13:00:00',2,2),(7,'2017-04-12 13:00:00','2017-04-12 14:00:00',2,2),(7,'2017-04-12 14:00:00','2017-04-12 15:00:00',2,2),(7,'2017-04-12 15:00:00','2017-04-12 16:00:00',2,2),(7,'2017-04-12 16:00:00','2017-04-12 17:00:00',3,3),(1,'2017-04-06 13:00:00','2017-04-06 14:00:00',4,8),(4,'2017-04-06 13:00:00','2017-04-06 14:00:00',8,16),(1,'2017-04-06 14:00:00','2017-04-06 15:00:00',4,8),(4,'2017-04-06 14:00:00','2017-04-06 15:00:00',8,16),(7,'2017-04-12 17:00:00','2017-04-12 18:00:00',3,3),(1,'2017-04-06 15:00:00','2017-04-06 16:00:00',2,4),(4,'2017-04-06 15:00:00','2017-04-06 16:00:00',4,8),(1,'2017-04-07 13:00:00','2017-04-07 14:00:00',0,0),(4,'2017-04-07 13:00:00','2017-04-07 14:00:00',0,0),(1,'2017-04-07 14:00:00','2017-04-07 15:00:00',0,0),(4,'2017-04-07 14:00:00','2017-04-07 15:00:00',0,0),(1,'2017-04-07 15:00:00','2017-04-07 16:00:00',0,0),(4,'2017-04-07 15:00:00','2017-04-07 16:00:00',0,0),(1,'2017-04-06 20:00:00','2017-04-06 21:00:00',4,4),(7,'2017-04-14 15:00:00','2017-04-14 16:00:00',6,12),(5,'2017-04-26 15:00:00','2017-04-26 16:00:00',2,4),(5,'2017-04-26 16:00:00','2017-04-26 17:00:00',2,4),(5,'2017-04-26 17:00:00','2017-04-26 18:00:00',2,4),(5,'2017-04-26 18:00:00','2017-04-26 19:00:00',2,4),(5,'2017-04-26 19:00:00','2017-04-26 20:00:00',2,4),(5,'2017-04-26 20:00:00','2017-04-26 21:00:00',2,4),(5,'2017-04-26 21:00:00','2017-04-26 22:00:00',2,4),(5,'2017-04-26 22:00:00','2017-04-26 23:00:00',2,4),(5,'2017-04-26 23:00:00','2017-04-27 00:00:00',2,4),(5,'2017-04-27 00:00:00','2017-04-27 01:00:00',2,4),(5,'2017-04-27 01:00:00','2017-04-27 02:00:00',2,4),(5,'2017-04-27 02:00:00','2017-04-27 03:00:00',2,4),(5,'2017-04-27 03:00:00','2017-04-27 04:00:00',2,4),(5,'2017-04-27 04:00:00','2017-04-27 05:00:00',2,4),(5,'2017-04-27 05:00:00','2017-04-27 06:00:00',2,4),(5,'2017-04-27 06:00:00','2017-04-27 07:00:00',2,4),(5,'2017-04-27 07:00:00','2017-04-27 08:00:00',2,4),(5,'2017-04-27 08:00:00','2017-04-27 09:00:00',2,4),(5,'2017-04-27 09:00:00','2017-04-27 10:00:00',2,4),(5,'2017-04-27 10:00:00','2017-04-27 11:00:00',2,4),(5,'2017-04-27 11:00:00','2017-04-27 12:00:00',2,4),(5,'2017-04-27 12:00:00','2017-04-27 13:00:00',2,4),(5,'2017-04-27 13:00:00','2017-04-27 14:00:00',2,4),(5,'2017-04-27 14:00:00','2017-04-27 15:00:00',2,4),(5,'2017-04-27 15:00:00','2017-04-27 16:00:00',2,4),(5,'2017-04-27 16:00:00','2017-04-27 17:00:00',2,4),(5,'2017-04-27 17:00:00','2017-04-27 18:00:00',2,4),(5,'2017-04-27 18:00:00','2017-04-27 19:00:00',2,4),(5,'2017-04-27 19:00:00','2017-04-27 20:00:00',2,4),(5,'2017-04-27 20:00:00','2017-04-27 21:00:00',2,4),(5,'2017-04-27 21:00:00','2017-04-27 22:00:00',2,4),(5,'2017-04-27 22:00:00','2017-04-27 23:00:00',2,4),(5,'2017-04-27 23:00:00','2017-04-28 00:00:00',2,4),(5,'2017-04-28 00:00:00','2017-04-28 01:00:00',2,4),(5,'2017-04-28 01:00:00','2017-04-28 02:00:00',2,4),(5,'2017-04-28 02:00:00','2017-04-28 03:00:00',2,4),(5,'2017-04-28 03:00:00','2017-04-28 04:00:00',2,4),(5,'2017-04-28 04:00:00','2017-04-28 05:00:00',2,4),(5,'2017-04-28 05:00:00','2017-04-28 06:00:00',2,4),(5,'2017-04-28 06:00:00','2017-04-28 07:00:00',2,4),(5,'2017-04-28 07:00:00','2017-04-28 08:00:00',2,4),(5,'2017-04-28 08:00:00','2017-04-28 09:00:00',2,4),(5,'2017-04-28 09:00:00','2017-04-28 10:00:00',2,4),(5,'2017-04-28 10:00:00','2017-04-28 11:00:00',2,4),(5,'2017-04-28 11:00:00','2017-04-28 12:00:00',2,4),(5,'2017-04-28 12:00:00','2017-04-28 13:00:00',2,4),(5,'2017-04-28 13:00:00','2017-04-28 14:00:00',2,4),(5,'2017-04-28 14:00:00','2017-04-28 15:00:00',2,4),(5,'2017-04-28 15:00:00','2017-04-28 16:00:00',2,4),(5,'2017-05-10 05:00:00','2017-05-10 06:00:00',2,2),(9,'2017-05-10 05:00:00','2017-05-10 06:00:00',4,8),(5,'2017-05-10 06:00:00','2017-05-10 07:00:00',2,2),(9,'2017-05-10 06:00:00','2017-05-10 07:00:00',4,8),(5,'2017-05-10 07:00:00','2017-05-10 08:00:00',2,2),(9,'2017-05-10 07:00:00','2017-05-10 08:00:00',4,8),(5,'2017-05-10 08:00:00','2017-05-10 09:00:00',2,2),(9,'2017-05-10 08:00:00','2017-05-10 09:00:00',4,8),(5,'2017-05-10 09:00:00','2017-05-10 10:00:00',2,2),(9,'2017-05-10 09:00:00','2017-05-10 10:00:00',4,8),(5,'2017-05-10 10:00:00','2017-05-10 11:00:00',2,2),(9,'2017-05-10 10:00:00','2017-05-10 11:00:00',4,8),(5,'2017-05-10 11:00:00','2017-05-10 12:00:00',2,2),(9,'2017-05-10 11:00:00','2017-05-10 12:00:00',4,8),(5,'2017-05-10 12:00:00','2017-05-10 13:00:00',2,2),(9,'2017-05-10 12:00:00','2017-05-10 13:00:00',4,8),(5,'2017-05-10 13:00:00','2017-05-10 14:00:00',2,2),(9,'2017-05-10 13:00:00','2017-05-10 14:00:00',4,8),(5,'2017-05-10 14:00:00','2017-05-10 15:00:00',2,2),(9,'2017-05-10 14:00:00','2017-05-10 15:00:00',4,8),(5,'2017-05-10 15:00:00','2017-05-10 16:00:00',2,2),(9,'2017-05-10 15:00:00','2017-05-10 16:00:00',4,8),(3,'2017-05-24 08:00:00','2017-05-24 09:00:00',0,0),(3,'2017-05-24 09:00:00','2017-05-24 10:00:00',0,0),(3,'2017-05-24 10:00:00','2017-05-24 11:00:00',0,0),(3,'2017-05-24 11:00:00','2017-05-24 12:00:00',0,0),(3,'2017-05-24 12:00:00','2017-05-24 13:00:00',0,0),(3,'2017-05-24 13:00:00','2017-05-24 14:00:00',0,0),(3,'2017-05-24 14:00:00','2017-05-24 15:00:00',0,0),(3,'2017-05-24 15:00:00','2017-05-24 16:00:00',0,0),(3,'2017-05-24 16:00:00','2017-05-24 17:00:00',0,0),(3,'2017-05-24 17:00:00','2017-05-24 18:00:00',0,0),(3,'2017-05-24 18:00:00','2017-05-24 19:00:00',0,0),(3,'2017-05-24 19:00:00','2017-05-24 20:00:00',0,0),(3,'2017-05-24 20:00:00','2017-05-24 21:00:00',0,0),(3,'2017-05-24 21:00:00','2017-05-24 22:00:00',0,0),(3,'2017-05-24 22:00:00','2017-05-24 23:00:00',0,0),(3,'2017-05-24 23:00:00','2017-05-25 00:00:00',0,0),(3,'2017-05-25 00:00:00','2017-05-25 01:00:00',0,0),(3,'2017-05-25 01:00:00','2017-05-25 02:00:00',0,0),(3,'2017-05-25 02:00:00','2017-05-25 03:00:00',0,0),(3,'2017-05-25 03:00:00','2017-05-25 04:00:00',0,0),(3,'2017-05-25 04:00:00','2017-05-25 05:00:00',0,0),(3,'2017-05-25 05:00:00','2017-05-25 06:00:00',0,0),(3,'2017-05-25 06:00:00','2017-05-25 07:00:00',0,0),(3,'2017-05-25 07:00:00','2017-05-25 08:00:00',0,0),(3,'2017-05-25 08:00:00','2017-05-25 09:00:00',0,0),(3,'2017-05-25 09:00:00','2017-05-25 10:00:00',0,0),(3,'2017-05-25 10:00:00','2017-05-25 11:00:00',0,0),(3,'2017-05-25 11:00:00','2017-05-25 12:00:00',0,0),(3,'2017-05-25 12:00:00','2017-05-25 13:00:00',0,0),(3,'2017-05-25 13:00:00','2017-05-25 14:00:00',0,0),(3,'2017-05-25 14:00:00','2017-05-25 15:00:00',0,0),(3,'2017-05-25 15:00:00','2017-05-25 16:00:00',0,0),(3,'2017-05-25 16:00:00','2017-05-25 17:00:00',0,0),(3,'2017-05-25 17:00:00','2017-05-25 18:00:00',0,0),(3,'2017-05-25 18:00:00','2017-05-25 19:00:00',0,0),(3,'2017-05-25 19:00:00','2017-05-25 20:00:00',0,0),(3,'2017-05-25 20:00:00','2017-05-25 21:00:00',0,0),(3,'2017-05-25 21:00:00','2017-05-25 22:00:00',0,0),(3,'2017-05-25 22:00:00','2017-05-25 23:00:00',0,0),(3,'2017-05-25 23:00:00','2017-05-26 00:00:00',0,0),(3,'2017-05-26 00:00:00','2017-05-26 01:00:00',0,0),(3,'2017-05-26 01:00:00','2017-05-26 02:00:00',0,0),(3,'2017-05-26 02:00:00','2017-05-26 03:00:00',0,0),(3,'2017-05-26 03:00:00','2017-05-26 04:00:00',0,0),(3,'2017-05-26 04:00:00','2017-05-26 05:00:00',0,0),(3,'2017-05-26 05:00:00','2017-05-26 06:00:00',0,0),(3,'2017-05-26 06:00:00','2017-05-26 07:00:00',0,0),(3,'2017-05-26 07:00:00','2017-05-26 08:00:00',0,0),(3,'2017-05-26 08:00:00','2017-05-26 09:00:00',0,0),(3,'2017-05-26 09:00:00','2017-05-26 10:00:00',0,0),(3,'2017-05-26 10:00:00','2017-05-26 11:00:00',0,0),(3,'2017-05-26 11:00:00','2017-05-26 12:00:00',0,0),(3,'2017-05-26 12:00:00','2017-05-26 13:00:00',0,0),(3,'2017-05-26 13:00:00','2017-05-26 14:00:00',0,0),(3,'2017-05-26 14:00:00','2017-05-26 15:00:00',0,0),(3,'2017-05-26 15:00:00','2017-05-26 16:00:00',0,0),(3,'2017-05-26 16:00:00','2017-05-26 17:00:00',0,0),(3,'2017-05-26 17:00:00','2017-05-26 18:00:00',0,0),(3,'2017-05-26 18:00:00','2017-05-26 19:00:00',0,0),(3,'2017-04-24 08:00:00','2017-04-24 09:00:00',0,0),(3,'2017-04-24 09:00:00','2017-04-24 10:00:00',0,0),(3,'2017-04-24 10:00:00','2017-04-24 11:00:00',0,0),(3,'2017-04-24 11:00:00','2017-04-24 12:00:00',0,0),(3,'2017-04-24 12:00:00','2017-04-24 13:00:00',0,0),(3,'2017-04-24 13:00:00','2017-04-24 14:00:00',0,0),(3,'2017-04-24 14:00:00','2017-04-24 15:00:00',0,0),(3,'2017-04-24 15:00:00','2017-04-24 16:00:00',0,0),(3,'2017-04-24 16:00:00','2017-04-24 17:00:00',0,0),(3,'2017-04-24 17:00:00','2017-04-24 18:00:00',0,0),(3,'2017-04-24 18:00:00','2017-04-24 19:00:00',0,0),(3,'2017-04-24 19:00:00','2017-04-24 20:00:00',0,0),(3,'2017-04-24 20:00:00','2017-04-24 21:00:00',0,0),(3,'2017-04-24 21:00:00','2017-04-24 22:00:00',0,0),(3,'2017-04-24 22:00:00','2017-04-24 23:00:00',0,0),(3,'2017-04-24 23:00:00','2017-04-25 00:00:00',0,0),(3,'2017-04-25 00:00:00','2017-04-25 01:00:00',0,0),(3,'2017-04-25 01:00:00','2017-04-25 02:00:00',0,0),(3,'2017-04-25 02:00:00','2017-04-25 03:00:00',0,0),(3,'2017-04-25 03:00:00','2017-04-25 04:00:00',0,0),(3,'2017-04-25 04:00:00','2017-04-25 05:00:00',0,0),(3,'2017-04-25 05:00:00','2017-04-25 06:00:00',0,0),(3,'2017-04-25 06:00:00','2017-04-25 07:00:00',0,0),(3,'2017-04-25 07:00:00','2017-04-25 08:00:00',0,0),(3,'2017-04-25 08:00:00','2017-04-25 09:00:00',0,0),(3,'2017-04-25 09:00:00','2017-04-25 10:00:00',0,0),(3,'2017-04-25 10:00:00','2017-04-25 11:00:00',0,0),(3,'2017-04-25 11:00:00','2017-04-25 12:00:00',0,0),(3,'2017-04-25 12:00:00','2017-04-25 13:00:00',0,0),(3,'2017-04-25 13:00:00','2017-04-25 14:00:00',0,0),(3,'2017-04-25 14:00:00','2017-04-25 15:00:00',0,0),(3,'2017-04-25 15:00:00','2017-04-25 16:00:00',0,0),(3,'2017-04-25 16:00:00','2017-04-25 17:00:00',0,0),(3,'2017-04-25 17:00:00','2017-04-25 18:00:00',0,0),(3,'2017-04-25 18:00:00','2017-04-25 19:00:00',0,0),(3,'2017-04-25 19:00:00','2017-04-25 20:00:00',0,0),(3,'2017-04-25 20:00:00','2017-04-25 21:00:00',0,0),(3,'2017-04-25 21:00:00','2017-04-25 22:00:00',0,0),(3,'2017-04-25 22:00:00','2017-04-25 23:00:00',0,0),(3,'2017-04-25 23:00:00','2017-04-26 00:00:00',0,0),(3,'2017-04-26 00:00:00','2017-04-26 01:00:00',0,0),(3,'2017-04-26 01:00:00','2017-04-26 02:00:00',0,0),(3,'2017-04-26 02:00:00','2017-04-26 03:00:00',0,0),(3,'2017-04-26 03:00:00','2017-04-26 04:00:00',0,0),(3,'2017-04-26 04:00:00','2017-04-26 05:00:00',0,0),(3,'2017-04-26 05:00:00','2017-04-26 06:00:00',0,0),(3,'2017-04-26 06:00:00','2017-04-26 07:00:00',0,0),(3,'2017-04-26 07:00:00','2017-04-26 08:00:00',0,0),(3,'2017-04-26 08:00:00','2017-04-26 09:00:00',0,0),(3,'2017-04-26 09:00:00','2017-04-26 10:00:00',0,0),(3,'2017-04-26 10:00:00','2017-04-26 11:00:00',0,0),(3,'2017-04-26 11:00:00','2017-04-26 12:00:00',0,0),(3,'2017-04-26 12:00:00','2017-04-26 13:00:00',0,0),(3,'2017-04-26 13:00:00','2017-04-26 14:00:00',0,0),(3,'2017-04-26 14:00:00','2017-04-26 15:00:00',0,0),(3,'2017-04-26 15:00:00','2017-04-26 16:00:00',0,0),(3,'2017-04-26 16:00:00','2017-04-26 17:00:00',0,0),(3,'2017-04-26 17:00:00','2017-04-26 18:00:00',0,0),(3,'2017-04-26 18:00:00','2017-04-26 19:00:00',0,0),(3,'2017-04-26 19:00:00','2017-04-26 20:00:00',0,0),(3,'2017-04-26 20:00:00','2017-04-26 21:00:00',0,0),(5,'2017-05-10 16:00:00','2017-05-10 17:00:00',2,2),(9,'2017-05-10 16:00:00','2017-05-10 17:00:00',4,8),(5,'2017-05-10 17:00:00','2017-05-10 18:00:00',2,2),(9,'2017-05-10 17:00:00','2017-05-10 18:00:00',4,8),(5,'2017-05-10 18:00:00','2017-05-10 19:00:00',2,2),(9,'2017-05-10 18:00:00','2017-05-10 19:00:00',4,8),(5,'2017-05-10 19:00:00','2017-05-10 20:00:00',2,2),(9,'2017-05-10 19:00:00','2017-05-10 20:00:00',4,8),(5,'2017-05-10 20:00:00','2017-05-10 21:00:00',2,2),(9,'2017-05-10 20:00:00','2017-05-10 21:00:00',4,8),(5,'2017-05-10 21:00:00','2017-05-10 22:00:00',2,2),(9,'2017-05-10 21:00:00','2017-05-10 22:00:00',4,8),(5,'2017-05-10 22:00:00','2017-05-10 23:00:00',2,2),(9,'2017-05-10 22:00:00','2017-05-10 23:00:00',4,8),(5,'2017-05-10 23:00:00','2017-05-11 00:00:00',2,2),(9,'2017-05-10 23:00:00','2017-05-11 00:00:00',4,8),(5,'2017-05-11 00:00:00','2017-05-11 01:00:00',2,2),(9,'2017-05-11 00:00:00','2017-05-11 01:00:00',4,8),(5,'2017-05-11 01:00:00','2017-05-11 02:00:00',2,2),(9,'2017-05-11 01:00:00','2017-05-11 02:00:00',4,8),(5,'2017-05-11 02:00:00','2017-05-11 03:00:00',2,2),(9,'2017-05-11 02:00:00','2017-05-11 03:00:00',4,8),(5,'2017-05-11 03:00:00','2017-05-11 04:00:00',2,2),(9,'2017-05-11 03:00:00','2017-05-11 04:00:00',4,8),(5,'2017-05-11 04:00:00','2017-05-11 05:00:00',2,2),(9,'2017-05-11 04:00:00','2017-05-11 05:00:00',4,8),(5,'2017-05-11 05:00:00','2017-05-11 06:00:00',2,2),(9,'2017-05-11 05:00:00','2017-05-11 06:00:00',4,8),(5,'2017-05-11 06:00:00','2017-05-11 07:00:00',2,2),(9,'2017-05-11 06:00:00','2017-05-11 07:00:00',4,8),(5,'2017-05-11 07:00:00','2017-05-11 08:00:00',2,2),(9,'2017-05-11 07:00:00','2017-05-11 08:00:00',4,8),(5,'2017-05-11 08:00:00','2017-05-11 09:00:00',2,2),(9,'2017-05-11 08:00:00','2017-05-11 09:00:00',4,8),(5,'2017-05-11 09:00:00','2017-05-11 10:00:00',2,2),(9,'2017-05-11 09:00:00','2017-05-11 10:00:00',4,8),(5,'2017-05-11 10:00:00','2017-05-11 11:00:00',2,2),(9,'2017-05-11 10:00:00','2017-05-11 11:00:00',4,8),(5,'2017-05-11 11:00:00','2017-05-11 12:00:00',2,2),(9,'2017-05-11 11:00:00','2017-05-11 12:00:00',4,8),(5,'2017-05-11 12:00:00','2017-05-11 13:00:00',2,2),(9,'2017-05-11 12:00:00','2017-05-11 13:00:00',4,8),(5,'2017-05-11 13:00:00','2017-05-11 14:00:00',2,2),(9,'2017-05-11 13:00:00','2017-05-11 14:00:00',4,8),(5,'2017-05-11 14:00:00','2017-05-11 15:00:00',2,2),(9,'2017-05-11 14:00:00','2017-05-11 15:00:00',4,8),(5,'2017-05-11 15:00:00','2017-05-11 16:00:00',2,2),(9,'2017-05-11 15:00:00','2017-05-11 16:00:00',4,8),(5,'2017-05-11 16:00:00','2017-05-11 17:00:00',2,2),(9,'2017-05-11 16:00:00','2017-05-11 17:00:00',4,8),(1,'2017-04-18 11:00:00','2017-04-18 12:00:00',0,0),(5,'2017-05-11 17:00:00','2017-05-11 18:00:00',2,2),(9,'2017-05-11 17:00:00','2017-05-11 18:00:00',4,8),(9,'2017-04-12 11:00:00','2017-04-12 12:00:00',2,4),(10,'2017-04-12 11:00:00','2017-04-12 12:00:00',2,4),(9,'2017-04-12 12:00:00','2017-04-12 13:00:00',2,4),(10,'2017-04-12 12:00:00','2017-04-12 13:00:00',2,4),(9,'2017-04-12 13:00:00','2017-04-12 14:00:00',2,4),(10,'2017-04-12 13:00:00','2017-04-12 14:00:00',2,4),(9,'2017-04-12 14:00:00','2017-04-12 15:00:00',2,4),(10,'2017-04-12 14:00:00','2017-04-12 15:00:00',2,4),(9,'2017-04-12 15:00:00','2017-04-12 16:00:00',2,4),(10,'2017-04-12 15:00:00','2017-04-12 16:00:00',2,4),(9,'2017-04-12 16:00:00','2017-04-12 17:00:00',2,4),(10,'2017-04-12 16:00:00','2017-04-12 17:00:00',2,4),(9,'2017-04-12 17:00:00','2017-04-12 18:00:00',2,4),(10,'2017-04-12 17:00:00','2017-04-12 18:00:00',2,4),(9,'2017-04-12 18:00:00','2017-04-12 19:00:00',2,4),(10,'2017-04-12 18:00:00','2017-04-12 19:00:00',2,4),(9,'2017-04-12 19:00:00','2017-04-12 20:00:00',2,4),(10,'2017-04-12 19:00:00','2017-04-12 20:00:00',2,4),(9,'2017-04-12 20:00:00','2017-04-12 21:00:00',2,4),(10,'2017-04-12 20:00:00','2017-04-12 21:00:00',2,4),(9,'2017-04-12 21:00:00','2017-04-12 22:00:00',2,4),(10,'2017-04-12 21:00:00','2017-04-12 22:00:00',2,4),(9,'2017-04-12 22:00:00','2017-04-12 23:00:00',2,4),(10,'2017-04-12 22:00:00','2017-04-12 23:00:00',2,4),(9,'2017-04-12 23:00:00','2017-04-13 00:00:00',2,4),(10,'2017-04-12 23:00:00','2017-04-13 00:00:00',2,4),(9,'2017-04-13 00:00:00','2017-04-13 01:00:00',2,4),(10,'2017-04-13 00:00:00','2017-04-13 01:00:00',2,4),(9,'2017-04-13 01:00:00','2017-04-13 02:00:00',2,4),(10,'2017-04-13 01:00:00','2017-04-13 02:00:00',2,4),(9,'2017-04-13 02:00:00','2017-04-13 03:00:00',2,4),(10,'2017-04-13 02:00:00','2017-04-13 03:00:00',2,4),(9,'2017-04-13 03:00:00','2017-04-13 04:00:00',2,4),(10,'2017-04-13 03:00:00','2017-04-13 04:00:00',2,4),(9,'2017-04-13 04:00:00','2017-04-13 05:00:00',2,4),(10,'2017-04-13 04:00:00','2017-04-13 05:00:00',2,4),(9,'2017-04-13 05:00:00','2017-04-13 06:00:00',2,4),(10,'2017-04-13 05:00:00','2017-04-13 06:00:00',2,4),(9,'2017-04-13 06:00:00','2017-04-13 07:00:00',2,4),(10,'2017-04-13 06:00:00','2017-04-13 07:00:00',2,4),(9,'2017-04-13 07:00:00','2017-04-13 08:00:00',2,4),(10,'2017-04-13 07:00:00','2017-04-13 08:00:00',2,4),(9,'2017-04-13 08:00:00','2017-04-13 09:00:00',2,4),(10,'2017-04-13 08:00:00','2017-04-13 09:00:00',2,4),(9,'2017-04-13 09:00:00','2017-04-13 10:00:00',2,4),(10,'2017-04-13 09:00:00','2017-04-13 10:00:00',2,4),(9,'2017-04-13 10:00:00','2017-04-13 11:00:00',2,4),(10,'2017-04-13 10:00:00','2017-04-13 11:00:00',2,4),(9,'2017-04-13 11:00:00','2017-04-13 12:00:00',2,4),(10,'2017-04-13 11:00:00','2017-04-13 12:00:00',2,4),(9,'2017-04-13 12:00:00','2017-04-13 13:00:00',2,4),(10,'2017-04-13 12:00:00','2017-04-13 13:00:00',2,4),(9,'2017-04-13 13:00:00','2017-04-13 14:00:00',2,4),(10,'2017-04-13 13:00:00','2017-04-13 14:00:00',2,4),(9,'2017-04-13 14:00:00','2017-04-13 15:00:00',2,4),(10,'2017-04-13 14:00:00','2017-04-13 15:00:00',2,4),(9,'2017-04-13 15:00:00','2017-04-13 16:00:00',0,0),(10,'2017-04-13 15:00:00','2017-04-13 16:00:00',0,0),(9,'2017-04-13 16:00:00','2017-04-13 17:00:00',0,0),(10,'2017-04-13 16:00:00','2017-04-13 17:00:00',0,0),(9,'2017-04-13 17:00:00','2017-04-13 18:00:00',0,0),(10,'2017-04-13 17:00:00','2017-04-13 18:00:00',0,0),(9,'2017-04-13 18:00:00','2017-04-13 19:00:00',0,0),(10,'2017-04-13 18:00:00','2017-04-13 19:00:00',0,0),(9,'2017-04-13 19:00:00','2017-04-13 20:00:00',0,0),(10,'2017-04-13 19:00:00','2017-04-13 20:00:00',0,0),(9,'2017-04-13 20:00:00','2017-04-13 21:00:00',0,0),(10,'2017-04-13 20:00:00','2017-04-13 21:00:00',0,0),(9,'2017-04-13 21:00:00','2017-04-13 22:00:00',0,0),(10,'2017-04-13 21:00:00','2017-04-13 22:00:00',0,0),(9,'2017-04-13 22:00:00','2017-04-13 23:00:00',0,0),(10,'2017-04-13 22:00:00','2017-04-13 23:00:00',0,0),(9,'2017-04-13 23:00:00','2017-04-14 00:00:00',0,0),(10,'2017-04-13 23:00:00','2017-04-14 00:00:00',0,0),(9,'2017-04-14 00:00:00','2017-04-14 01:00:00',0,0),(10,'2017-04-14 00:00:00','2017-04-14 01:00:00',0,0),(9,'2017-04-14 01:00:00','2017-04-14 02:00:00',0,0),(10,'2017-04-14 01:00:00','2017-04-14 02:00:00',0,0),(9,'2017-04-14 02:00:00','2017-04-14 03:00:00',0,0),(10,'2017-04-14 02:00:00','2017-04-14 03:00:00',0,0),(9,'2017-04-14 03:00:00','2017-04-14 04:00:00',0,0),(10,'2017-04-14 03:00:00','2017-04-14 04:00:00',0,0),(9,'2017-04-14 04:00:00','2017-04-14 05:00:00',0,0),(10,'2017-04-14 04:00:00','2017-04-14 05:00:00',0,0),(9,'2017-04-14 05:00:00','2017-04-14 06:00:00',0,0),(10,'2017-04-14 05:00:00','2017-04-14 06:00:00',0,0),(9,'2017-04-14 06:00:00','2017-04-14 07:00:00',0,0),(10,'2017-04-14 06:00:00','2017-04-14 07:00:00',0,0),(9,'2017-04-14 07:00:00','2017-04-14 08:00:00',0,0),(10,'2017-04-14 07:00:00','2017-04-14 08:00:00',0,0),(7,'2017-04-12 18:00:00','2017-04-12 19:00:00',3,3),(7,'2017-04-12 19:00:00','2017-04-12 20:00:00',3,3),(7,'2017-04-12 20:00:00','2017-04-12 21:00:00',3,3),(4,'2017-04-14 16:00:00','2017-04-14 17:00:00',2,4),(4,'2017-04-14 17:00:00','2017-04-14 18:00:00',2,4),(7,'2017-04-12 21:00:00','2017-04-12 22:00:00',3,3),(7,'2017-04-12 22:00:00','2017-04-12 23:00:00',3,3),(7,'2017-04-12 23:00:00','2017-04-13 00:00:00',3,3),(7,'2017-04-13 00:00:00','2017-04-13 01:00:00',3,3),(4,'2017-04-14 18:00:00','2017-04-14 19:00:00',2,4),(4,'2017-04-14 19:00:00','2017-04-14 20:00:00',2,4),(7,'2017-04-13 01:00:00','2017-04-13 02:00:00',3,3),(4,'2017-04-14 20:00:00','2017-04-14 21:00:00',2,4),(4,'2017-04-14 21:00:00','2017-04-14 22:00:00',2,4),(5,'2017-04-25 01:00:00','2017-04-25 02:00:00',2,2),(4,'2017-04-25 01:00:00','2017-04-25 02:00:00',4,4),(5,'2017-04-25 02:00:00','2017-04-25 03:00:00',2,2),(4,'2017-04-25 02:00:00','2017-04-25 03:00:00',4,4),(5,'2017-04-25 03:00:00','2017-04-25 04:00:00',2,2),(4,'2017-04-25 03:00:00','2017-04-25 04:00:00',4,4),(5,'2017-04-25 04:00:00','2017-04-25 05:00:00',2,2),(4,'2017-04-25 04:00:00','2017-04-25 05:00:00',4,4),(5,'2017-04-25 05:00:00','2017-04-25 06:00:00',2,2),(4,'2017-04-25 05:00:00','2017-04-25 06:00:00',4,4),(5,'2017-04-25 06:00:00','2017-04-25 07:00:00',2,2),(4,'2017-04-25 06:00:00','2017-04-25 07:00:00',4,4),(5,'2017-04-25 07:00:00','2017-04-25 08:00:00',2,2),(4,'2017-04-25 07:00:00','2017-04-25 08:00:00',4,4),(5,'2017-04-25 08:00:00','2017-04-25 09:00:00',2,2),(4,'2017-04-25 08:00:00','2017-04-25 09:00:00',4,4),(5,'2017-04-25 09:00:00','2017-04-25 10:00:00',2,2),(4,'2017-04-25 09:00:00','2017-04-25 10:00:00',4,4),(5,'2017-04-25 10:00:00','2017-04-25 11:00:00',2,2),(4,'2017-04-25 10:00:00','2017-04-25 11:00:00',4,4),(5,'2017-04-25 11:00:00','2017-04-25 12:00:00',2,2),(4,'2017-04-25 11:00:00','2017-04-25 12:00:00',4,4),(5,'2017-04-25 12:00:00','2017-04-25 13:00:00',2,2),(4,'2017-04-25 12:00:00','2017-04-25 13:00:00',4,4),(5,'2017-04-25 13:00:00','2017-04-25 14:00:00',2,2),(4,'2017-04-25 13:00:00','2017-04-25 14:00:00',4,4),(5,'2017-04-25 14:00:00','2017-04-25 15:00:00',2,2),(4,'2017-04-25 14:00:00','2017-04-25 15:00:00',4,4),(5,'2017-04-25 15:00:00','2017-04-25 16:00:00',2,2),(4,'2017-04-25 15:00:00','2017-04-25 16:00:00',4,4),(5,'2017-04-25 16:00:00','2017-04-25 17:00:00',2,2),(4,'2017-04-25 16:00:00','2017-04-25 17:00:00',4,4),(7,'2017-04-13 02:00:00','2017-04-13 03:00:00',2,2),(7,'2017-04-13 03:00:00','2017-04-13 04:00:00',2,2),(7,'2017-04-13 04:00:00','2017-04-13 05:00:00',2,2),(7,'2017-04-13 05:00:00','2017-04-13 06:00:00',2,2),(7,'2017-04-13 06:00:00','2017-04-13 07:00:00',2,2),(7,'2017-04-13 07:00:00','2017-04-13 08:00:00',2,2),(7,'2017-04-13 08:00:00','2017-04-13 09:00:00',2,2),(7,'2017-04-13 09:00:00','2017-04-13 10:00:00',2,2),(7,'2017-04-13 10:00:00','2017-04-13 11:00:00',0,0),(7,'2017-04-13 11:00:00','2017-04-13 12:00:00',0,0),(7,'2017-04-13 12:00:00','2017-04-13 13:00:00',0,0),(7,'2017-04-13 13:00:00','2017-04-13 14:00:00',0,0),(7,'2017-04-13 14:00:00','2017-04-13 15:00:00',0,0),(7,'2017-04-13 15:00:00','2017-04-13 16:00:00',0,0),(7,'2017-04-13 16:00:00','2017-04-13 17:00:00',0,0),(7,'2017-04-13 17:00:00','2017-04-13 18:00:00',0,0),(7,'2017-04-13 18:00:00','2017-04-13 19:00:00',0,0),(7,'2017-04-13 19:00:00','2017-04-13 20:00:00',0,0),(7,'2017-04-13 20:00:00','2017-04-13 21:00:00',0,0),(7,'2017-04-13 21:00:00','2017-04-13 22:00:00',0,0),(7,'2017-04-13 22:00:00','2017-04-13 23:00:00',0,0),(7,'2017-04-13 23:00:00','2017-04-14 00:00:00',0,0),(7,'2017-04-14 00:00:00','2017-04-14 01:00:00',0,0),(7,'2017-04-14 01:00:00','2017-04-14 02:00:00',0,0),(7,'2017-04-14 02:00:00','2017-04-14 03:00:00',0,0),(7,'2017-04-14 03:00:00','2017-04-14 04:00:00',0,0),(7,'2017-04-14 04:00:00','2017-04-14 05:00:00',0,0),(7,'2017-04-14 05:00:00','2017-04-14 06:00:00',0,0),(7,'2017-04-14 06:00:00','2017-04-14 07:00:00',0,0),(7,'2017-04-14 07:00:00','2017-04-14 08:00:00',0,0),(7,'2017-04-14 08:00:00','2017-04-14 09:00:00',0,0),(7,'2017-04-14 09:00:00','2017-04-14 10:00:00',0,0),(7,'2017-04-14 10:00:00','2017-04-14 11:00:00',0,0),(7,'2017-04-14 11:00:00','2017-04-14 12:00:00',0,0),(7,'2017-04-14 12:00:00','2017-04-14 13:00:00',4,8),(7,'2017-04-14 13:00:00','2017-04-14 14:00:00',4,8),(7,'2017-04-14 14:00:00','2017-04-14 15:00:00',4,8),(8,'2017-04-14 10:00:00','2017-04-14 11:00:00',32,32),(8,'2017-04-14 11:00:00','2017-04-14 12:00:00',32,32),(8,'2017-04-14 12:00:00','2017-04-14 13:00:00',32,32),(8,'2017-04-14 13:00:00','2017-04-14 14:00:00',32,32),(8,'2017-04-14 14:00:00','2017-04-14 15:00:00',32,32),(8,'2017-04-14 15:00:00','2017-04-14 16:00:00',32,32),(8,'2017-04-14 16:00:00','2017-04-14 17:00:00',32,32),(8,'2017-04-14 17:00:00','2017-04-14 18:00:00',32,32),(8,'2017-04-14 18:00:00','2017-04-14 19:00:00',32,32),(8,'2017-04-14 19:00:00','2017-04-14 20:00:00',32,32),(8,'2017-04-14 20:00:00','2017-04-14 21:00:00',32,32),(8,'2017-04-14 21:00:00','2017-04-14 22:00:00',32,32),(8,'2017-04-14 22:00:00','2017-04-14 23:00:00',32,32),(8,'2017-04-14 23:00:00','2017-04-15 00:00:00',32,32),(8,'2017-04-15 00:00:00','2017-04-15 01:00:00',32,32),(8,'2017-04-15 01:00:00','2017-04-15 02:00:00',32,32),(8,'2017-04-15 02:00:00','2017-04-15 03:00:00',32,32),(8,'2017-04-15 03:00:00','2017-04-15 04:00:00',32,32),(8,'2017-04-15 04:00:00','2017-04-15 05:00:00',32,32),(8,'2017-04-15 05:00:00','2017-04-15 06:00:00',32,32),(8,'2017-04-15 06:00:00','2017-04-15 07:00:00',32,32),(8,'2017-04-15 07:00:00','2017-04-15 08:00:00',32,32),(8,'2017-04-15 08:00:00','2017-04-15 09:00:00',32,32),(8,'2017-04-15 09:00:00','2017-04-15 10:00:00',32,32),(8,'2017-04-15 10:00:00','2017-04-15 11:00:00',32,32),(8,'2017-04-15 11:00:00','2017-04-15 12:00:00',32,32),(8,'2017-04-15 12:00:00','2017-04-15 13:00:00',32,32),(8,'2017-04-15 13:00:00','2017-04-15 14:00:00',32,32),(8,'2017-04-15 14:00:00','2017-04-15 15:00:00',32,32),(8,'2017-04-15 15:00:00','2017-04-15 16:00:00',32,32),(8,'2017-04-15 16:00:00','2017-04-15 17:00:00',32,32),(8,'2017-04-15 17:00:00','2017-04-15 18:00:00',32,32),(8,'2017-04-15 18:00:00','2017-04-15 19:00:00',32,32),(8,'2017-04-15 19:00:00','2017-04-15 20:00:00',32,32),(8,'2017-04-15 20:00:00','2017-04-15 21:00:00',32,32),(8,'2017-04-15 21:00:00','2017-04-15 22:00:00',32,32),(8,'2017-04-15 22:00:00','2017-04-15 23:00:00',32,32),(8,'2017-04-15 23:00:00','2017-04-16 00:00:00',32,32),(8,'2017-04-16 00:00:00','2017-04-16 01:00:00',32,32),(8,'2017-04-16 01:00:00','2017-04-16 02:00:00',32,32),(8,'2017-04-16 02:00:00','2017-04-16 03:00:00',32,32),(8,'2017-04-16 03:00:00','2017-04-16 04:00:00',32,32),(8,'2017-04-16 04:00:00','2017-04-16 05:00:00',32,32),(8,'2017-04-16 05:00:00','2017-04-16 06:00:00',32,32),(8,'2017-04-16 06:00:00','2017-04-16 07:00:00',32,32),(8,'2017-04-16 07:00:00','2017-04-16 08:00:00',32,32),(8,'2017-04-16 08:00:00','2017-04-16 09:00:00',32,32),(8,'2017-04-16 09:00:00','2017-04-16 10:00:00',32,32),(8,'2017-04-16 10:00:00','2017-04-16 11:00:00',32,32),(8,'2017-04-16 11:00:00','2017-04-16 12:00:00',32,32),(8,'2017-04-16 12:00:00','2017-04-16 13:00:00',32,32),(8,'2017-04-16 13:00:00','2017-04-16 14:00:00',32,32),(8,'2017-04-16 14:00:00','2017-04-16 15:00:00',32,32),(8,'2017-04-16 15:00:00','2017-04-16 16:00:00',32,32),(8,'2017-04-16 16:00:00','2017-04-16 17:00:00',32,32),(8,'2017-04-16 17:00:00','2017-04-16 18:00:00',32,32),(8,'2017-04-16 18:00:00','2017-04-16 19:00:00',32,32),(8,'2017-04-16 19:00:00','2017-04-16 20:00:00',32,32),(8,'2017-04-16 20:00:00','2017-04-16 21:00:00',32,32),(8,'2017-04-16 21:00:00','2017-04-16 22:00:00',32,32),(8,'2017-04-16 22:00:00','2017-04-16 23:00:00',32,32),(8,'2017-04-16 23:00:00','2017-04-17 00:00:00',32,32),(8,'2017-04-17 00:00:00','2017-04-17 01:00:00',32,32),(8,'2017-04-17 01:00:00','2017-04-17 02:00:00',32,32),(8,'2017-04-17 02:00:00','2017-04-17 03:00:00',32,32),(8,'2017-04-17 03:00:00','2017-04-17 04:00:00',32,32),(8,'2017-04-17 04:00:00','2017-04-17 05:00:00',32,32),(8,'2017-04-17 05:00:00','2017-04-17 06:00:00',32,32),(8,'2017-04-17 06:00:00','2017-04-17 07:00:00',32,32),(8,'2017-04-17 07:00:00','2017-04-17 08:00:00',32,32),(8,'2017-04-17 08:00:00','2017-04-17 09:00:00',32,32),(8,'2017-04-17 09:00:00','2017-04-17 10:00:00',32,32),(8,'2017-04-17 10:00:00','2017-04-17 11:00:00',32,32),(8,'2017-04-17 11:00:00','2017-04-17 12:00:00',32,32),(8,'2017-04-17 12:00:00','2017-04-17 13:00:00',32,32),(5,'2017-04-15 13:00:00','2017-04-15 14:00:00',32,32),(4,'2017-04-15 13:00:00','2017-04-15 14:00:00',32,32),(5,'2017-04-15 14:00:00','2017-04-15 15:00:00',32,32),(4,'2017-04-15 14:00:00','2017-04-15 15:00:00',32,32),(5,'2017-04-15 15:00:00','2017-04-15 16:00:00',32,32),(4,'2017-04-15 15:00:00','2017-04-15 16:00:00',32,32),(5,'2017-04-15 16:00:00','2017-04-15 17:00:00',32,32),(4,'2017-04-15 16:00:00','2017-04-15 17:00:00',32,32),(5,'2017-04-15 17:00:00','2017-04-15 18:00:00',32,32),(4,'2017-04-15 17:00:00','2017-04-15 18:00:00',32,32),(5,'2017-04-15 18:00:00','2017-04-15 19:00:00',32,32),(4,'2017-04-15 18:00:00','2017-04-15 19:00:00',32,32),(5,'2017-04-15 19:00:00','2017-04-15 20:00:00',32,32),(4,'2017-04-15 19:00:00','2017-04-15 20:00:00',32,32),(5,'2017-04-15 20:00:00','2017-04-15 21:00:00',32,32),(4,'2017-04-15 20:00:00','2017-04-15 21:00:00',32,32),(5,'2017-04-15 21:00:00','2017-04-15 22:00:00',32,32),(4,'2017-04-15 21:00:00','2017-04-15 22:00:00',32,32),(5,'2017-04-15 22:00:00','2017-04-15 23:00:00',32,32),(4,'2017-04-15 22:00:00','2017-04-15 23:00:00',32,32),(5,'2017-04-15 23:00:00','2017-04-16 00:00:00',32,32),(4,'2017-04-15 23:00:00','2017-04-16 00:00:00',32,32),(5,'2017-04-16 00:00:00','2017-04-16 01:00:00',32,32),(4,'2017-04-16 00:00:00','2017-04-16 01:00:00',32,32),(5,'2017-04-16 01:00:00','2017-04-16 02:00:00',32,32),(4,'2017-04-16 01:00:00','2017-04-16 02:00:00',32,32),(5,'2017-04-16 02:00:00','2017-04-16 03:00:00',32,32),(4,'2017-04-16 02:00:00','2017-04-16 03:00:00',32,32),(5,'2017-04-16 03:00:00','2017-04-16 04:00:00',32,32),(4,'2017-04-16 03:00:00','2017-04-16 04:00:00',32,32),(5,'2017-04-16 04:00:00','2017-04-16 05:00:00',32,32),(4,'2017-04-16 04:00:00','2017-04-16 05:00:00',32,32),(5,'2017-04-16 05:00:00','2017-04-16 06:00:00',32,32),(4,'2017-04-16 05:00:00','2017-04-16 06:00:00',32,32),(5,'2017-04-16 06:00:00','2017-04-16 07:00:00',32,32),(4,'2017-04-16 06:00:00','2017-04-16 07:00:00',32,32),(5,'2017-04-16 07:00:00','2017-04-16 08:00:00',32,32),(4,'2017-04-16 07:00:00','2017-04-16 08:00:00',32,32),(5,'2017-04-16 08:00:00','2017-04-16 09:00:00',32,32),(4,'2017-04-16 08:00:00','2017-04-16 09:00:00',32,32),(5,'2017-04-16 09:00:00','2017-04-16 10:00:00',32,32),(4,'2017-04-16 09:00:00','2017-04-16 10:00:00',32,32),(5,'2017-04-16 10:00:00','2017-04-16 11:00:00',32,32),(4,'2017-04-16 10:00:00','2017-04-16 11:00:00',32,32),(5,'2017-04-16 11:00:00','2017-04-16 12:00:00',32,32),(4,'2017-04-16 11:00:00','2017-04-16 12:00:00',32,32),(5,'2017-04-16 12:00:00','2017-04-16 13:00:00',32,32),(4,'2017-04-16 12:00:00','2017-04-16 13:00:00',32,32),(5,'2017-04-16 13:00:00','2017-04-16 14:00:00',32,32),(4,'2017-04-16 13:00:00','2017-04-16 14:00:00',32,32),(5,'2017-04-16 14:00:00','2017-04-16 15:00:00',32,32),(4,'2017-04-16 14:00:00','2017-04-16 15:00:00',32,32),(5,'2017-04-16 15:00:00','2017-04-16 16:00:00',32,32),(4,'2017-04-16 15:00:00','2017-04-16 16:00:00',32,32),(5,'2017-04-16 16:00:00','2017-04-16 17:00:00',32,32),(4,'2017-04-16 16:00:00','2017-04-16 17:00:00',32,32),(5,'2017-04-16 17:00:00','2017-04-16 18:00:00',32,32),(4,'2017-04-16 17:00:00','2017-04-16 18:00:00',32,32),(5,'2017-04-16 18:00:00','2017-04-16 19:00:00',32,32),(4,'2017-04-16 18:00:00','2017-04-16 19:00:00',32,32),(5,'2017-04-16 19:00:00','2017-04-16 20:00:00',32,32),(4,'2017-04-16 19:00:00','2017-04-16 20:00:00',32,32),(5,'2017-04-16 20:00:00','2017-04-16 21:00:00',32,32),(4,'2017-04-16 20:00:00','2017-04-16 21:00:00',32,32),(5,'2017-04-16 21:00:00','2017-04-16 22:00:00',32,32),(4,'2017-04-16 21:00:00','2017-04-16 22:00:00',32,32),(5,'2017-04-16 22:00:00','2017-04-16 23:00:00',32,32),(4,'2017-04-16 22:00:00','2017-04-16 23:00:00',32,32),(5,'2017-04-16 23:00:00','2017-04-17 00:00:00',32,32),(4,'2017-04-16 23:00:00','2017-04-17 00:00:00',32,32),(5,'2017-04-17 00:00:00','2017-04-17 01:00:00',32,32),(4,'2017-04-17 00:00:00','2017-04-17 01:00:00',32,32),(5,'2017-04-17 01:00:00','2017-04-17 02:00:00',32,32),(4,'2017-04-17 01:00:00','2017-04-17 02:00:00',32,32),(5,'2017-04-17 02:00:00','2017-04-17 03:00:00',32,32),(4,'2017-04-17 02:00:00','2017-04-17 03:00:00',32,32),(5,'2017-04-17 03:00:00','2017-04-17 04:00:00',32,32),(4,'2017-04-17 03:00:00','2017-04-17 04:00:00',32,32),(5,'2017-04-17 04:00:00','2017-04-17 05:00:00',32,32),(4,'2017-04-17 04:00:00','2017-04-17 05:00:00',32,32),(5,'2017-04-17 05:00:00','2017-04-17 06:00:00',32,32),(4,'2017-04-17 05:00:00','2017-04-17 06:00:00',32,32),(5,'2017-04-17 06:00:00','2017-04-17 07:00:00',32,32),(4,'2017-04-17 06:00:00','2017-04-17 07:00:00',32,32),(5,'2017-04-17 07:00:00','2017-04-17 08:00:00',32,32),(4,'2017-04-17 07:00:00','2017-04-17 08:00:00',32,32),(5,'2017-04-17 08:00:00','2017-04-17 09:00:00',32,32),(4,'2017-04-17 08:00:00','2017-04-17 09:00:00',32,32),(5,'2017-04-17 09:00:00','2017-04-17 10:00:00',32,32),(4,'2017-04-17 09:00:00','2017-04-17 10:00:00',32,32),(5,'2017-04-17 10:00:00','2017-04-17 11:00:00',32,32),(4,'2017-04-17 10:00:00','2017-04-17 11:00:00',32,32),(5,'2017-04-17 11:00:00','2017-04-17 12:00:00',32,32),(4,'2017-04-17 11:00:00','2017-04-17 12:00:00',32,32),(5,'2017-04-17 12:00:00','2017-04-17 13:00:00',32,32),(4,'2017-04-17 12:00:00','2017-04-17 13:00:00',32,32),(5,'2017-04-17 13:00:00','2017-04-17 14:00:00',32,32),(4,'2017-04-17 13:00:00','2017-04-17 14:00:00',32,32),(5,'2017-04-17 14:00:00','2017-04-17 15:00:00',32,32),(4,'2017-04-17 14:00:00','2017-04-17 15:00:00',32,32),(5,'2017-04-17 15:00:00','2017-04-17 16:00:00',32,32),(4,'2017-04-17 15:00:00','2017-04-17 16:00:00',32,32),(5,'2017-04-17 16:00:00','2017-04-17 17:00:00',32,32),(4,'2017-04-17 16:00:00','2017-04-17 17:00:00',32,32),(5,'2017-04-17 17:00:00','2017-04-17 18:00:00',32,32),(4,'2017-04-17 17:00:00','2017-04-17 18:00:00',32,32),(5,'2017-04-17 18:00:00','2017-04-17 19:00:00',32,32),(4,'2017-04-17 18:00:00','2017-04-17 19:00:00',32,32),(5,'2017-04-17 19:00:00','2017-04-17 20:00:00',32,32),(4,'2017-04-17 19:00:00','2017-04-17 20:00:00',32,32),(5,'2017-04-17 20:00:00','2017-04-17 21:00:00',32,32),(4,'2017-04-17 20:00:00','2017-04-17 21:00:00',32,32),(5,'2017-04-17 21:00:00','2017-04-17 22:00:00',32,32),(4,'2017-04-17 21:00:00','2017-04-17 22:00:00',32,32),(5,'2017-04-17 22:00:00','2017-04-17 23:00:00',32,32),(4,'2017-04-17 22:00:00','2017-04-17 23:00:00',32,32),(5,'2017-04-17 23:00:00','2017-04-18 00:00:00',32,32),(4,'2017-04-17 23:00:00','2017-04-18 00:00:00',32,32),(5,'2017-04-18 00:00:00','2017-04-18 01:00:00',32,32),(4,'2017-04-18 00:00:00','2017-04-18 01:00:00',32,32),(5,'2017-04-18 01:00:00','2017-04-18 02:00:00',32,32),(4,'2017-04-18 01:00:00','2017-04-18 02:00:00',32,32),(5,'2017-04-18 02:00:00','2017-04-18 03:00:00',32,32),(4,'2017-04-18 02:00:00','2017-04-18 03:00:00',32,32),(5,'2017-04-18 03:00:00','2017-04-18 04:00:00',32,32),(4,'2017-04-18 03:00:00','2017-04-18 04:00:00',32,32),(5,'2017-04-18 04:00:00','2017-04-18 05:00:00',32,32),(4,'2017-04-18 04:00:00','2017-04-18 05:00:00',32,32),(5,'2017-04-18 05:00:00','2017-04-18 06:00:00',32,32),(4,'2017-04-18 05:00:00','2017-04-18 06:00:00',32,32),(5,'2017-04-18 06:00:00','2017-04-18 07:00:00',32,32),(4,'2017-04-18 06:00:00','2017-04-18 07:00:00',32,32),(5,'2017-04-18 07:00:00','2017-04-18 08:00:00',32,32),(4,'2017-04-18 07:00:00','2017-04-18 08:00:00',32,32),(5,'2017-04-18 08:00:00','2017-04-18 09:00:00',32,32),(4,'2017-04-18 08:00:00','2017-04-18 09:00:00',32,32),(5,'2017-04-18 09:00:00','2017-04-18 10:00:00',32,32),(4,'2017-04-18 09:00:00','2017-04-18 10:00:00',32,32),(5,'2017-04-18 10:00:00','2017-04-18 11:00:00',32,32),(4,'2017-04-18 10:00:00','2017-04-18 11:00:00',32,32),(5,'2017-04-18 11:00:00','2017-04-18 12:00:00',32,32),(4,'2017-04-18 11:00:00','2017-04-18 12:00:00',32,32),(5,'2017-04-18 12:00:00','2017-04-18 13:00:00',32,32),(4,'2017-04-18 12:00:00','2017-04-18 13:00:00',32,32),(5,'2017-04-18 13:00:00','2017-04-18 14:00:00',32,32),(4,'2017-04-18 13:00:00','2017-04-18 14:00:00',32,32),(5,'2017-04-18 14:00:00','2017-04-18 15:00:00',32,32),(4,'2017-04-18 14:00:00','2017-04-18 15:00:00',32,32),(5,'2017-04-18 15:00:00','2017-04-18 16:00:00',32,32),(4,'2017-04-18 15:00:00','2017-04-18 16:00:00',32,32),(5,'2017-04-18 16:00:00','2017-04-18 17:00:00',32,32),(4,'2017-04-18 16:00:00','2017-04-18 17:00:00',32,32),(5,'2017-04-18 17:00:00','2017-04-18 18:00:00',32,32),(4,'2017-04-18 17:00:00','2017-04-18 18:00:00',32,32),(5,'2017-04-18 18:00:00','2017-04-18 19:00:00',32,32),(4,'2017-04-18 18:00:00','2017-04-18 19:00:00',32,32),(5,'2017-04-18 19:00:00','2017-04-18 20:00:00',32,32),(4,'2017-04-18 19:00:00','2017-04-18 20:00:00',32,32),(5,'2017-04-18 20:00:00','2017-04-18 21:00:00',32,32),(4,'2017-04-18 20:00:00','2017-04-18 21:00:00',32,32),(5,'2017-04-18 21:00:00','2017-04-18 22:00:00',32,32),(4,'2017-04-18 21:00:00','2017-04-18 22:00:00',32,32),(5,'2017-04-18 22:00:00','2017-04-18 23:00:00',32,32),(4,'2017-04-18 22:00:00','2017-04-18 23:00:00',32,32),(5,'2017-04-18 23:00:00','2017-04-19 00:00:00',32,32),(4,'2017-04-18 23:00:00','2017-04-19 00:00:00',32,32),(5,'2017-04-19 00:00:00','2017-04-19 01:00:00',32,32),(4,'2017-04-19 00:00:00','2017-04-19 01:00:00',32,32),(5,'2017-04-19 01:00:00','2017-04-19 02:00:00',32,32),(4,'2017-04-19 01:00:00','2017-04-19 02:00:00',32,32),(5,'2017-04-19 02:00:00','2017-04-19 03:00:00',32,32),(4,'2017-04-19 02:00:00','2017-04-19 03:00:00',32,32),(5,'2017-04-19 03:00:00','2017-04-19 04:00:00',32,32),(4,'2017-04-19 03:00:00','2017-04-19 04:00:00',32,32),(5,'2017-04-19 04:00:00','2017-04-19 05:00:00',32,32),(4,'2017-04-19 04:00:00','2017-04-19 05:00:00',32,32),(5,'2017-04-19 05:00:00','2017-04-19 06:00:00',32,32),(4,'2017-04-19 05:00:00','2017-04-19 06:00:00',32,32),(5,'2017-04-19 06:00:00','2017-04-19 07:00:00',32,32),(4,'2017-04-19 06:00:00','2017-04-19 07:00:00',32,32),(5,'2017-04-19 07:00:00','2017-04-19 08:00:00',32,32),(4,'2017-04-19 07:00:00','2017-04-19 08:00:00',32,32),(5,'2017-04-19 08:00:00','2017-04-19 09:00:00',32,32),(4,'2017-04-19 08:00:00','2017-04-19 09:00:00',32,32),(5,'2017-04-19 09:00:00','2017-04-19 10:00:00',32,32),(4,'2017-04-19 09:00:00','2017-04-19 10:00:00',32,32),(5,'2017-04-19 10:00:00','2017-04-19 11:00:00',32,32),(4,'2017-04-19 10:00:00','2017-04-19 11:00:00',32,32),(5,'2017-04-19 11:00:00','2017-04-19 12:00:00',32,32),(4,'2017-04-19 11:00:00','2017-04-19 12:00:00',32,32),(5,'2017-04-19 12:00:00','2017-04-19 13:00:00',32,32),(4,'2017-04-19 12:00:00','2017-04-19 13:00:00',32,32),(5,'2017-04-19 13:00:00','2017-04-19 14:00:00',32,32),(4,'2017-04-19 13:00:00','2017-04-19 14:00:00',32,32),(5,'2017-04-19 14:00:00','2017-04-19 15:00:00',32,32),(4,'2017-04-19 14:00:00','2017-04-19 15:00:00',32,32),(5,'2017-04-19 15:00:00','2017-04-19 16:00:00',32,32),(4,'2017-04-19 15:00:00','2017-04-19 16:00:00',32,32),(5,'2017-04-19 16:00:00','2017-04-19 17:00:00',32,32),(4,'2017-04-19 16:00:00','2017-04-19 17:00:00',32,32),(5,'2017-04-19 17:00:00','2017-04-19 18:00:00',32,32),(4,'2017-04-19 17:00:00','2017-04-19 18:00:00',32,32),(5,'2017-04-19 18:00:00','2017-04-19 19:00:00',32,32),(4,'2017-04-19 18:00:00','2017-04-19 19:00:00',32,32),(5,'2017-04-19 19:00:00','2017-04-19 20:00:00',32,32),(4,'2017-04-19 19:00:00','2017-04-19 20:00:00',32,32),(5,'2017-04-19 20:00:00','2017-04-19 21:00:00',32,32),(4,'2017-04-19 20:00:00','2017-04-19 21:00:00',32,32),(5,'2017-04-19 21:00:00','2017-04-19 22:00:00',32,32),(4,'2017-04-19 21:00:00','2017-04-19 22:00:00',32,32),(5,'2017-04-19 22:00:00','2017-04-19 23:00:00',32,32),(4,'2017-04-19 22:00:00','2017-04-19 23:00:00',32,32),(5,'2017-04-19 23:00:00','2017-04-20 00:00:00',32,32),(4,'2017-04-19 23:00:00','2017-04-20 00:00:00',32,32),(5,'2017-04-20 00:00:00','2017-04-20 01:00:00',32,32),(4,'2017-04-20 00:00:00','2017-04-20 01:00:00',32,32),(5,'2017-04-20 01:00:00','2017-04-20 02:00:00',32,32),(4,'2017-04-20 01:00:00','2017-04-20 02:00:00',32,32),(5,'2017-04-20 02:00:00','2017-04-20 03:00:00',32,32),(4,'2017-04-20 02:00:00','2017-04-20 03:00:00',32,32),(5,'2017-04-20 03:00:00','2017-04-20 04:00:00',32,32),(4,'2017-04-20 03:00:00','2017-04-20 04:00:00',32,32),(5,'2017-04-20 04:00:00','2017-04-20 05:00:00',32,32),(4,'2017-04-20 04:00:00','2017-04-20 05:00:00',32,32),(5,'2017-04-20 05:00:00','2017-04-20 06:00:00',32,32),(4,'2017-04-20 05:00:00','2017-04-20 06:00:00',32,32),(5,'2017-04-20 06:00:00','2017-04-20 07:00:00',32,32),(4,'2017-04-20 06:00:00','2017-04-20 07:00:00',32,32),(5,'2017-04-20 07:00:00','2017-04-20 08:00:00',32,32),(4,'2017-04-20 07:00:00','2017-04-20 08:00:00',32,32),(5,'2017-04-20 08:00:00','2017-04-20 09:00:00',32,32),(4,'2017-04-20 08:00:00','2017-04-20 09:00:00',32,32),(5,'2017-04-20 09:00:00','2017-04-20 10:00:00',32,32),(4,'2017-04-20 09:00:00','2017-04-20 10:00:00',32,32),(5,'2017-04-20 10:00:00','2017-04-20 11:00:00',32,32),(4,'2017-04-20 10:00:00','2017-04-20 11:00:00',32,32),(5,'2017-04-20 11:00:00','2017-04-20 12:00:00',32,32),(4,'2017-04-20 11:00:00','2017-04-20 12:00:00',32,32),(5,'2017-04-20 12:00:00','2017-04-20 13:00:00',32,32),(4,'2017-04-20 12:00:00','2017-04-20 13:00:00',32,32),(5,'2017-04-20 13:00:00','2017-04-20 14:00:00',32,32),(4,'2017-04-20 13:00:00','2017-04-20 14:00:00',32,32),(5,'2017-04-20 14:00:00','2017-04-20 15:00:00',32,32),(4,'2017-04-20 14:00:00','2017-04-20 15:00:00',32,32),(5,'2017-04-20 15:00:00','2017-04-20 16:00:00',32,32),(4,'2017-04-20 15:00:00','2017-04-20 16:00:00',32,32),(5,'2017-04-20 16:00:00','2017-04-20 17:00:00',32,32),(4,'2017-04-20 16:00:00','2017-04-20 17:00:00',32,32),(5,'2017-04-20 17:00:00','2017-04-20 18:00:00',32,32),(4,'2017-04-20 17:00:00','2017-04-20 18:00:00',32,32),(5,'2017-04-20 18:00:00','2017-04-20 19:00:00',32,32),(4,'2017-04-20 18:00:00','2017-04-20 19:00:00',32,32),(5,'2017-04-20 19:00:00','2017-04-20 20:00:00',32,32),(4,'2017-04-20 19:00:00','2017-04-20 20:00:00',32,32),(5,'2017-04-20 20:00:00','2017-04-20 21:00:00',32,32),(4,'2017-04-20 20:00:00','2017-04-20 21:00:00',32,32),(5,'2017-04-20 21:00:00','2017-04-20 22:00:00',32,32),(4,'2017-04-20 21:00:00','2017-04-20 22:00:00',32,32),(5,'2017-04-20 22:00:00','2017-04-20 23:00:00',32,32),(4,'2017-04-20 22:00:00','2017-04-20 23:00:00',32,32),(5,'2017-04-20 23:00:00','2017-04-21 00:00:00',32,32),(4,'2017-04-20 23:00:00','2017-04-21 00:00:00',32,32),(5,'2017-04-21 00:00:00','2017-04-21 01:00:00',32,32),(4,'2017-04-21 00:00:00','2017-04-21 01:00:00',32,32),(5,'2017-04-21 01:00:00','2017-04-21 02:00:00',32,32),(4,'2017-04-21 01:00:00','2017-04-21 02:00:00',32,32),(5,'2017-04-21 02:00:00','2017-04-21 03:00:00',32,32),(4,'2017-04-21 02:00:00','2017-04-21 03:00:00',32,32),(5,'2017-04-21 03:00:00','2017-04-21 04:00:00',32,32),(4,'2017-04-21 03:00:00','2017-04-21 04:00:00',32,32),(5,'2017-04-21 04:00:00','2017-04-21 05:00:00',32,32),(4,'2017-04-21 04:00:00','2017-04-21 05:00:00',32,32),(5,'2017-04-21 05:00:00','2017-04-21 06:00:00',32,32),(4,'2017-04-21 05:00:00','2017-04-21 06:00:00',32,32),(5,'2017-04-21 06:00:00','2017-04-21 07:00:00',32,32),(4,'2017-04-21 06:00:00','2017-04-21 07:00:00',32,32),(5,'2017-04-21 07:00:00','2017-04-21 08:00:00',32,32),(4,'2017-04-21 07:00:00','2017-04-21 08:00:00',32,32),(5,'2017-04-21 08:00:00','2017-04-21 09:00:00',32,32),(4,'2017-04-21 08:00:00','2017-04-21 09:00:00',32,32),(5,'2017-04-21 09:00:00','2017-04-21 10:00:00',32,32),(4,'2017-04-21 09:00:00','2017-04-21 10:00:00',32,32),(5,'2017-04-21 10:00:00','2017-04-21 11:00:00',32,32),(4,'2017-04-21 10:00:00','2017-04-21 11:00:00',32,32),(5,'2017-04-21 11:00:00','2017-04-21 12:00:00',32,32),(4,'2017-04-21 11:00:00','2017-04-21 12:00:00',32,32),(5,'2017-04-21 12:00:00','2017-04-21 13:00:00',32,32),(4,'2017-04-21 12:00:00','2017-04-21 13:00:00',32,32),(5,'2017-04-21 13:00:00','2017-04-21 14:00:00',32,32),(4,'2017-04-21 13:00:00','2017-04-21 14:00:00',32,32),(5,'2017-04-21 14:00:00','2017-04-21 15:00:00',32,32),(4,'2017-04-21 14:00:00','2017-04-21 15:00:00',32,32),(5,'2017-04-21 15:00:00','2017-04-21 16:00:00',32,32),(4,'2017-04-21 15:00:00','2017-04-21 16:00:00',32,32),(5,'2017-04-21 16:00:00','2017-04-21 17:00:00',32,32),(4,'2017-04-21 16:00:00','2017-04-21 17:00:00',32,32),(5,'2017-04-21 17:00:00','2017-04-21 18:00:00',32,32),(4,'2017-04-21 17:00:00','2017-04-21 18:00:00',32,32),(5,'2017-04-21 18:00:00','2017-04-21 19:00:00',32,32),(4,'2017-04-21 18:00:00','2017-04-21 19:00:00',32,32),(5,'2017-04-21 19:00:00','2017-04-21 20:00:00',32,32),(4,'2017-04-21 19:00:00','2017-04-21 20:00:00',32,32),(5,'2017-04-21 20:00:00','2017-04-21 21:00:00',32,32),(4,'2017-04-21 20:00:00','2017-04-21 21:00:00',32,32),(5,'2017-04-21 21:00:00','2017-04-21 22:00:00',32,32),(4,'2017-04-21 21:00:00','2017-04-21 22:00:00',32,32),(5,'2017-04-21 22:00:00','2017-04-21 23:00:00',32,32),(4,'2017-04-21 22:00:00','2017-04-21 23:00:00',32,32),(5,'2017-04-21 23:00:00','2017-04-22 00:00:00',32,32),(4,'2017-04-21 23:00:00','2017-04-22 00:00:00',32,32),(5,'2017-04-22 00:00:00','2017-04-22 01:00:00',32,32),(4,'2017-04-22 00:00:00','2017-04-22 01:00:00',32,32),(5,'2017-04-22 01:00:00','2017-04-22 02:00:00',32,32),(4,'2017-04-22 01:00:00','2017-04-22 02:00:00',32,32),(5,'2017-04-22 02:00:00','2017-04-22 03:00:00',32,32),(4,'2017-04-22 02:00:00','2017-04-22 03:00:00',32,32),(5,'2017-04-22 03:00:00','2017-04-22 04:00:00',32,32),(4,'2017-04-22 03:00:00','2017-04-22 04:00:00',32,32),(5,'2017-04-22 04:00:00','2017-04-22 05:00:00',32,32),(4,'2017-04-22 04:00:00','2017-04-22 05:00:00',32,32),(5,'2017-04-22 05:00:00','2017-04-22 06:00:00',32,32),(4,'2017-04-22 05:00:00','2017-04-22 06:00:00',32,32),(5,'2017-04-22 06:00:00','2017-04-22 07:00:00',32,32),(4,'2017-04-22 06:00:00','2017-04-22 07:00:00',32,32),(5,'2017-04-22 07:00:00','2017-04-22 08:00:00',32,32),(4,'2017-04-22 07:00:00','2017-04-22 08:00:00',32,32),(5,'2017-04-22 08:00:00','2017-04-22 09:00:00',32,32),(4,'2017-04-22 08:00:00','2017-04-22 09:00:00',32,32),(5,'2017-04-22 09:00:00','2017-04-22 10:00:00',32,32),(4,'2017-04-22 09:00:00','2017-04-22 10:00:00',32,32),(5,'2017-04-22 10:00:00','2017-04-22 11:00:00',32,32),(4,'2017-04-22 10:00:00','2017-04-22 11:00:00',32,32),(5,'2017-04-22 11:00:00','2017-04-22 12:00:00',32,32),(4,'2017-04-22 11:00:00','2017-04-22 12:00:00',32,32),(5,'2017-04-22 12:00:00','2017-04-22 13:00:00',32,32),(4,'2017-04-22 12:00:00','2017-04-22 13:00:00',32,32),(7,'2017-04-14 16:00:00','2017-04-14 17:00:00',4,8),(7,'2017-04-14 17:00:00','2017-04-14 18:00:00',4,8),(7,'2017-04-14 18:00:00','2017-04-14 19:00:00',4,8),(7,'2017-04-14 19:00:00','2017-04-14 20:00:00',4,8),(7,'2017-04-14 20:00:00','2017-04-14 21:00:00',4,8),(7,'2017-04-14 21:00:00','2017-04-14 22:00:00',4,8),(7,'2017-04-14 22:00:00','2017-04-14 23:00:00',4,8),(7,'2017-04-14 23:00:00','2017-04-15 00:00:00',4,8),(7,'2017-04-15 00:00:00','2017-04-15 01:00:00',4,8),(7,'2017-04-15 01:00:00','2017-04-15 02:00:00',4,8),(7,'2017-04-15 02:00:00','2017-04-15 03:00:00',4,8),(7,'2017-04-15 03:00:00','2017-04-15 04:00:00',4,8),(7,'2017-04-15 04:00:00','2017-04-15 05:00:00',4,8),(7,'2017-04-15 05:00:00','2017-04-15 06:00:00',4,8),(7,'2017-04-15 06:00:00','2017-04-15 07:00:00',4,8),(7,'2017-04-15 07:00:00','2017-04-15 08:00:00',4,8),(7,'2017-04-15 08:00:00','2017-04-15 09:00:00',4,8),(7,'2017-04-15 09:00:00','2017-04-15 10:00:00',4,8),(7,'2017-04-15 10:00:00','2017-04-15 11:00:00',4,8),(7,'2017-04-15 11:00:00','2017-04-15 12:00:00',4,8),(7,'2017-04-15 12:00:00','2017-04-15 13:00:00',4,8),(7,'2017-04-15 13:00:00','2017-04-15 14:00:00',4,8),(7,'2017-04-15 14:00:00','2017-04-15 15:00:00',4,8),(7,'2017-04-15 15:00:00','2017-04-15 16:00:00',4,8),(7,'2017-04-15 16:00:00','2017-04-15 17:00:00',4,8),(7,'2017-04-15 17:00:00','2017-04-15 18:00:00',4,8),(7,'2017-04-15 18:00:00','2017-04-15 19:00:00',4,8),(7,'2017-04-15 19:00:00','2017-04-15 20:00:00',4,8),(7,'2017-04-15 20:00:00','2017-04-15 21:00:00',4,8),(7,'2017-04-15 21:00:00','2017-04-15 22:00:00',4,8),(7,'2017-04-15 22:00:00','2017-04-15 23:00:00',4,8),(7,'2017-04-15 23:00:00','2017-04-16 00:00:00',4,8),(7,'2017-04-16 00:00:00','2017-04-16 01:00:00',4,8),(7,'2017-04-16 01:00:00','2017-04-16 02:00:00',4,8),(7,'2017-04-16 02:00:00','2017-04-16 03:00:00',4,8),(7,'2017-04-16 03:00:00','2017-04-16 04:00:00',4,8),(7,'2017-04-16 04:00:00','2017-04-16 05:00:00',4,8),(7,'2017-04-16 05:00:00','2017-04-16 06:00:00',4,8),(7,'2017-04-16 06:00:00','2017-04-16 07:00:00',4,8),(7,'2017-04-16 07:00:00','2017-04-16 08:00:00',4,8),(7,'2017-04-16 08:00:00','2017-04-16 09:00:00',4,8),(7,'2017-04-16 09:00:00','2017-04-16 10:00:00',4,8),(7,'2017-04-16 10:00:00','2017-04-16 11:00:00',4,8),(7,'2017-04-16 11:00:00','2017-04-16 12:00:00',4,8),(7,'2017-04-16 12:00:00','2017-04-16 13:00:00',4,8),(7,'2017-04-16 13:00:00','2017-04-16 14:00:00',4,8),(7,'2017-04-16 14:00:00','2017-04-16 15:00:00',4,8),(7,'2017-04-16 15:00:00','2017-04-16 16:00:00',4,8),(7,'2017-04-16 16:00:00','2017-04-16 17:00:00',4,8),(7,'2017-04-16 17:00:00','2017-04-16 18:00:00',4,8),(7,'2017-04-16 18:00:00','2017-04-16 19:00:00',4,8),(7,'2017-04-16 19:00:00','2017-04-16 20:00:00',4,8),(7,'2017-04-16 20:00:00','2017-04-16 21:00:00',4,8),(7,'2017-04-16 21:00:00','2017-04-16 22:00:00',4,8),(7,'2017-04-16 22:00:00','2017-04-16 23:00:00',4,8),(7,'2017-04-16 23:00:00','2017-04-17 00:00:00',4,8),(7,'2017-04-17 00:00:00','2017-04-17 01:00:00',4,8),(7,'2017-04-17 01:00:00','2017-04-17 02:00:00',4,8),(7,'2017-04-17 02:00:00','2017-04-17 03:00:00',4,8),(7,'2017-04-17 03:00:00','2017-04-17 04:00:00',4,8),(7,'2017-04-17 04:00:00','2017-04-17 05:00:00',4,8),(7,'2017-04-17 05:00:00','2017-04-17 06:00:00',4,8),(7,'2017-04-17 06:00:00','2017-04-17 07:00:00',4,8),(7,'2017-04-17 07:00:00','2017-04-17 08:00:00',4,8),(7,'2017-04-17 08:00:00','2017-04-17 09:00:00',4,8),(7,'2017-04-17 09:00:00','2017-04-17 10:00:00',4,8),(3,'2017-05-26 19:00:00','2017-05-26 20:00:00',0,0),(3,'2017-05-26 20:00:00','2017-05-26 21:00:00',0,0),(3,'2017-05-26 21:00:00','2017-05-26 22:00:00',0,0),(3,'2017-05-26 22:00:00','2017-05-26 23:00:00',0,0),(3,'2017-05-26 23:00:00','2017-05-27 00:00:00',0,0),(3,'2017-05-27 00:00:00','2017-05-27 01:00:00',0,0),(3,'2017-05-27 01:00:00','2017-05-27 02:00:00',0,0),(3,'2017-05-27 02:00:00','2017-05-27 03:00:00',0,0),(3,'2017-05-27 03:00:00','2017-05-27 04:00:00',0,0),(3,'2017-05-27 04:00:00','2017-05-27 05:00:00',0,0),(3,'2017-05-27 05:00:00','2017-05-27 06:00:00',0,0),(3,'2017-05-27 06:00:00','2017-05-27 07:00:00',0,0),(3,'2017-05-27 07:00:00','2017-05-27 08:00:00',0,0),(3,'2017-05-27 08:00:00','2017-05-27 09:00:00',0,0),(3,'2017-05-27 09:00:00','2017-05-27 10:00:00',0,0),(3,'2017-05-27 10:00:00','2017-05-27 11:00:00',0,0),(3,'2017-05-27 11:00:00','2017-05-27 12:00:00',0,0),(3,'2017-05-27 12:00:00','2017-05-27 13:00:00',0,0),(3,'2017-05-27 13:00:00','2017-05-27 14:00:00',0,0),(3,'2017-05-27 14:00:00','2017-05-27 15:00:00',0,0),(3,'2017-05-27 15:00:00','2017-05-27 16:00:00',0,0),(3,'2017-05-27 16:00:00','2017-05-27 17:00:00',0,0),(3,'2017-05-27 17:00:00','2017-05-27 18:00:00',0,0),(3,'2017-05-27 18:00:00','2017-05-27 19:00:00',0,0),(3,'2017-05-27 19:00:00','2017-05-27 20:00:00',0,0),(3,'2017-05-27 20:00:00','2017-05-27 21:00:00',0,0),(3,'2017-05-27 21:00:00','2017-05-27 22:00:00',0,0),(3,'2017-05-27 22:00:00','2017-05-27 23:00:00',0,0),(3,'2017-05-27 23:00:00','2017-05-28 00:00:00',0,0),(3,'2017-05-28 00:00:00','2017-05-28 01:00:00',0,0),(3,'2017-05-28 01:00:00','2017-05-28 02:00:00',0,0),(3,'2017-05-28 02:00:00','2017-05-28 03:00:00',0,0),(3,'2017-05-28 03:00:00','2017-05-28 04:00:00',0,0),(3,'2017-05-28 04:00:00','2017-05-28 05:00:00',0,0),(3,'2017-05-28 05:00:00','2017-05-28 06:00:00',0,0),(3,'2017-05-28 06:00:00','2017-05-28 07:00:00',0,0),(3,'2017-05-28 07:00:00','2017-05-28 08:00:00',0,0),(3,'2017-05-28 08:00:00','2017-05-28 09:00:00',0,0),(3,'2017-05-28 09:00:00','2017-05-28 10:00:00',0,0),(3,'2017-05-28 10:00:00','2017-05-28 11:00:00',0,0),(3,'2017-05-28 11:00:00','2017-05-28 12:00:00',0,0),(3,'2017-05-28 12:00:00','2017-05-28 13:00:00',0,0),(3,'2017-05-28 13:00:00','2017-05-28 14:00:00',0,0),(3,'2017-05-28 14:00:00','2017-05-28 15:00:00',0,0),(3,'2017-05-28 15:00:00','2017-05-28 16:00:00',0,0),(3,'2017-05-28 16:00:00','2017-05-28 17:00:00',0,0),(3,'2017-05-28 17:00:00','2017-05-28 18:00:00',0,0),(3,'2017-05-28 18:00:00','2017-05-28 19:00:00',0,0),(3,'2017-05-28 19:00:00','2017-05-28 20:00:00',0,0),(3,'2017-05-28 20:00:00','2017-05-28 21:00:00',0,0),(7,'2017-04-17 10:00:00','2017-04-17 11:00:00',4,8),(7,'2017-04-17 11:00:00','2017-04-17 12:00:00',4,8),(7,'2017-04-17 12:00:00','2017-04-17 13:00:00',4,8),(7,'2017-04-17 13:00:00','2017-04-17 14:00:00',4,8),(7,'2017-04-17 14:00:00','2017-04-17 15:00:00',4,8),(7,'2017-04-17 15:00:00','2017-04-17 16:00:00',4,8),(7,'2017-04-17 16:00:00','2017-04-17 17:00:00',4,8),(7,'2017-04-17 17:00:00','2017-04-17 18:00:00',4,8),(7,'2017-04-17 18:00:00','2017-04-17 19:00:00',4,8),(7,'2017-04-17 19:00:00','2017-04-17 20:00:00',4,8),(7,'2017-04-17 20:00:00','2017-04-17 21:00:00',4,8),(7,'2017-04-17 21:00:00','2017-04-17 22:00:00',4,8),(7,'2017-04-17 22:00:00','2017-04-17 23:00:00',4,8),(7,'2017-04-17 23:00:00','2017-04-18 00:00:00',4,8),(7,'2017-04-18 00:00:00','2017-04-18 01:00:00',4,8),(7,'2017-04-18 01:00:00','2017-04-18 02:00:00',4,8),(7,'2017-04-18 02:00:00','2017-04-18 03:00:00',4,8),(7,'2017-04-18 03:00:00','2017-04-18 04:00:00',4,8),(7,'2017-04-18 04:00:00','2017-04-18 05:00:00',4,8),(7,'2017-04-18 05:00:00','2017-04-18 06:00:00',4,8),(7,'2017-04-18 06:00:00','2017-04-18 07:00:00',4,8),(7,'2017-04-18 07:00:00','2017-04-18 08:00:00',4,8),(7,'2017-04-18 08:00:00','2017-04-18 09:00:00',4,8),(7,'2017-04-18 09:00:00','2017-04-18 10:00:00',4,8),(7,'2017-04-18 10:00:00','2017-04-18 11:00:00',4,8),(7,'2017-04-18 11:00:00','2017-04-18 12:00:00',4,8),(7,'2017-04-18 12:00:00','2017-04-18 13:00:00',4,8),(7,'2017-04-18 13:00:00','2017-04-18 14:00:00',4,8),(7,'2017-04-18 14:00:00','2017-04-18 15:00:00',4,8),(7,'2017-04-18 15:00:00','2017-04-18 16:00:00',4,8),(7,'2017-04-18 16:00:00','2017-04-18 17:00:00',4,8),(7,'2017-04-18 17:00:00','2017-04-18 18:00:00',4,8),(7,'2017-04-18 18:00:00','2017-04-18 19:00:00',4,8),(7,'2017-04-18 19:00:00','2017-04-18 20:00:00',4,8),(7,'2017-04-18 20:00:00','2017-04-18 21:00:00',4,8),(7,'2017-04-18 21:00:00','2017-04-18 22:00:00',4,8),(7,'2017-04-18 22:00:00','2017-04-18 23:00:00',4,8),(7,'2017-04-18 23:00:00','2017-04-19 00:00:00',4,8),(7,'2017-04-19 00:00:00','2017-04-19 01:00:00',4,8),(7,'2017-04-19 01:00:00','2017-04-19 02:00:00',4,8),(7,'2017-04-19 02:00:00','2017-04-19 03:00:00',4,8),(7,'2017-04-19 03:00:00','2017-04-19 04:00:00',4,8),(7,'2017-04-19 04:00:00','2017-04-19 05:00:00',4,8),(7,'2017-04-19 05:00:00','2017-04-19 06:00:00',4,8),(7,'2017-04-19 06:00:00','2017-04-19 07:00:00',4,8),(7,'2017-04-19 07:00:00','2017-04-19 08:00:00',4,8),(7,'2017-04-19 08:00:00','2017-04-19 09:00:00',4,8),(7,'2017-04-19 09:00:00','2017-04-19 10:00:00',4,8),(7,'2017-04-19 10:00:00','2017-04-19 11:00:00',4,8),(7,'2017-04-19 11:00:00','2017-04-19 12:00:00',4,8),(7,'2017-04-19 12:00:00','2017-04-19 13:00:00',4,8),(7,'2017-04-19 13:00:00','2017-04-19 14:00:00',4,8),(7,'2017-04-19 14:00:00','2017-04-19 15:00:00',4,8),(7,'2017-04-19 15:00:00','2017-04-19 16:00:00',4,8),(7,'2017-04-19 16:00:00','2017-04-19 17:00:00',4,8),(7,'2017-04-19 17:00:00','2017-04-19 18:00:00',4,8),(7,'2017-04-19 18:00:00','2017-04-19 19:00:00',4,8),(7,'2017-04-19 19:00:00','2017-04-19 20:00:00',4,8),(7,'2017-04-19 20:00:00','2017-04-19 21:00:00',4,8),(7,'2017-04-19 21:00:00','2017-04-19 22:00:00',4,8),(7,'2017-04-19 22:00:00','2017-04-19 23:00:00',4,8),(7,'2017-04-19 23:00:00','2017-04-20 00:00:00',4,8),(7,'2017-04-20 00:00:00','2017-04-20 01:00:00',4,8),(7,'2017-04-20 01:00:00','2017-04-20 02:00:00',4,8),(7,'2017-04-20 02:00:00','2017-04-20 03:00:00',4,8),(7,'2017-04-20 03:00:00','2017-04-20 04:00:00',4,8),(7,'2017-04-20 04:00:00','2017-04-20 05:00:00',4,8),(7,'2017-04-20 05:00:00','2017-04-20 06:00:00',4,8),(7,'2017-04-20 06:00:00','2017-04-20 07:00:00',4,8),(7,'2017-04-20 07:00:00','2017-04-20 08:00:00',4,8),(7,'2017-04-20 08:00:00','2017-04-20 09:00:00',4,8),(7,'2017-04-20 09:00:00','2017-04-20 10:00:00',4,8),(7,'2017-04-20 10:00:00','2017-04-20 11:00:00',4,8),(7,'2017-04-20 11:00:00','2017-04-20 12:00:00',4,8),(7,'2017-04-20 12:00:00','2017-04-20 13:00:00',4,8),(7,'2017-04-20 13:00:00','2017-04-20 14:00:00',4,8),(7,'2017-04-20 14:00:00','2017-04-20 15:00:00',4,8),(7,'2017-04-20 15:00:00','2017-04-20 16:00:00',4,8),(7,'2017-04-20 16:00:00','2017-04-20 17:00:00',4,8),(7,'2017-04-20 17:00:00','2017-04-20 18:00:00',4,8),(7,'2017-04-20 18:00:00','2017-04-20 19:00:00',4,8),(7,'2017-04-20 19:00:00','2017-04-20 20:00:00',4,8),(7,'2017-04-20 20:00:00','2017-04-20 21:00:00',4,8),(7,'2017-04-20 21:00:00','2017-04-20 22:00:00',4,8),(7,'2017-04-20 22:00:00','2017-04-20 23:00:00',4,8),(7,'2017-04-20 23:00:00','2017-04-21 00:00:00',4,8),(7,'2017-04-21 00:00:00','2017-04-21 01:00:00',4,8),(7,'2017-04-21 01:00:00','2017-04-21 02:00:00',4,8),(7,'2017-04-21 02:00:00','2017-04-21 03:00:00',4,8),(7,'2017-04-21 03:00:00','2017-04-21 04:00:00',4,8),(7,'2017-04-21 04:00:00','2017-04-21 05:00:00',4,8),(7,'2017-04-21 05:00:00','2017-04-21 06:00:00',4,8),(7,'2017-04-21 06:00:00','2017-04-21 07:00:00',4,8),(7,'2017-04-21 07:00:00','2017-04-21 08:00:00',4,8),(7,'2017-04-21 08:00:00','2017-04-21 09:00:00',4,8),(7,'2017-04-21 09:00:00','2017-04-21 10:00:00',4,8),(7,'2017-04-21 10:00:00','2017-04-21 11:00:00',4,8),(7,'2017-04-21 11:00:00','2017-04-21 12:00:00',4,8),(7,'2017-04-21 12:00:00','2017-04-21 13:00:00',4,8),(7,'2017-04-21 13:00:00','2017-04-21 14:00:00',4,8),(7,'2017-04-21 14:00:00','2017-04-21 15:00:00',4,8),(7,'2017-04-21 15:00:00','2017-04-21 16:00:00',4,8),(7,'2017-04-21 16:00:00','2017-04-21 17:00:00',4,8),(7,'2017-04-21 17:00:00','2017-04-21 18:00:00',4,8),(7,'2017-04-21 18:00:00','2017-04-21 19:00:00',4,8),(7,'2017-04-21 19:00:00','2017-04-21 20:00:00',4,8),(7,'2017-04-21 20:00:00','2017-04-21 21:00:00',4,8),(7,'2017-04-21 21:00:00','2017-04-21 22:00:00',4,8),(7,'2017-04-21 22:00:00','2017-04-21 23:00:00',4,8);
/*!40000 ALTER TABLE `schedule` ENABLE KEYS */;
UNLOCK TABLES;

--
-- Table structure for table `session`
--

DROP TABLE IF EXISTS `session`;
/*!40101 SET @saved_cs_client     = @@character_set_client */;
/*!40101 SET character_set_client = utf8 */;
CREATE TABLE `session` (
  `user_id` bigint(20) unsigned NOT NULL,
  `session_id` varchar(16) NOT NULL,
  `last_login` timestamp NOT NULL DEFAULT CURRENT_TIMESTAMP ON UPDATE CURRENT_TIMESTAMP,
  UNIQUE KEY `session_id` (`session_id`),
  UNIQUE KEY `user_id` (`user_id`),
  KEY `user_id_2` (`user_id`),
  CONSTRAINT `session_ibfk_1` FOREIGN KEY (`user_id`) REFERENCES `user` (`user_id`)
) ENGINE=InnoDB DEFAULT CHARSET=utf8;
/*!40101 SET character_set_client = @saved_cs_client */;

--
-- Dumping data for table `session`
--

LOCK TABLES `session` WRITE;
/*!40000 ALTER TABLE `session` DISABLE KEYS */;
INSERT INTO `session` VALUES (3,'B0XX6D','2017-04-14 16:18:33'),(2,'C0OZSE','2017-04-20 17:57:42'),(1,'C6ZOSY','2017-04-20 16:57:28');
/*!40000 ALTER TABLE `session` ENABLE KEYS */;
UNLOCK TABLES;

--
-- Table structure for table `site`
--

DROP TABLE IF EXISTS `site`;
/*!40101 SET @saved_cs_client     = @@character_set_client */;
/*!40101 SET character_set_client = utf8 */;
CREATE TABLE `site` (
  `site_id` bigint(20) unsigned NOT NULL AUTO_INCREMENT,
  `name` varchar(16) NOT NULL,
  `description` varchar(64) NOT NULL,
  `contact` varchar(32) NOT NULL,
  `location` varchar(64) NOT NULL,
  `pragma_boot_path` varchar(64) NOT NULL,
  `pragma_boot_version` int(11) NOT NULL,
  `python_path` varchar(64) NOT NULL,
  `temp_dir` varchar(64) NOT NULL,
  `username` varchar(16) NOT NULL,
  `deployment_type` varchar(16) NOT NULL,
  `site_hostname` varchar(32) NOT NULL,
  `latitude` double NOT NULL,
  `longitude` double NOT NULL,
  `total_cpu` int(11) NOT NULL,
  `total_memory` int(11) NOT NULL,
  PRIMARY KEY (`site_id`),
  UNIQUE KEY `site_id` (`site_id`)
) ENGINE=InnoDB AUTO_INCREMENT=11 DEFAULT CHARSET=utf8;
/*!40101 SET character_set_client = @saved_cs_client */;

--
-- Dumping data for table `site`
--

LOCK TABLES `site` WRITE;
/*!40000 ALTER TABLE `site` DISABLE KEYS */;
INSERT INTO `site` VALUES (1,'NCHC cloud','Rocks. Hosting virtual clusters and virtual machines','serenapan@nchc.narl.org.tw','National Center for High-Performance Computing','/opt/pragma_boot',2,'/opt/pragma_boot','/var/run/pcc','root','Rocks KVM','pragma.nchc.org.tw',24.81383,120.967475,16,32),(2,'AIST Cloud','Cloudstack. Hosting Virtual clusters and virtual machines.','jh.haga@aist.go.jp','Cloudstack. Hosting Virtual clusters and virtual machines.','/home/ssmallen/pragma_boot',2,'-','/home/ssmallen/pcc','ssmallen','Rocks KVM','pragma.aist.org',36.060839,140.137303,32,64),(3,'ABCD cloud','Rocks. Hosting virtual clusters and virtual machines','serenapan@nchc.narl.org.tw','National Center for High-Performance Computing','/opt/pragma_boot',2,'/opt/pragma_boot','/var/run/pcc','root','Rocks KVM','pragma.nchc.org.tw',41.8339042,-88.0123419,128,32),(4,'A1 cloud','Rocks. Hosting virtual clusters and virtual machines','serenapan@nchc.narl.org.tw','National Center for High-Performance Computing','/opt/pragma_boot',2,'/opt/pragma_boot','/var/run/pcc','root','Rocks KVM','pragma.nchc.org.tw',42.7364923,-78.0523389,64,64),(5,'TOS cloud','Rocks. Hosting virtual clusters and virtual machines','serenapan@nchc.narl.org.tw','National Center for High-Performance Computing','/opt/pragma_boot',2,'/opt/pragma_boot','/var/run/pcc','root','Rocks KVM','pragma.nchc.org.tw',30.5621124,-86.1100215,64,32),(6,'TP cloud','Rocks. Hosting virtual clusters and virtual machines','serenapan@nchc.narl.org.tw','National Center for High-Performance Computing','/opt/pragma_boot',2,'/opt/pragma_boot','/var/run/pcc','root','Rocks KVM','pragma.nchc.org.tw',24.7849113,90.3579546,32,64),(7,'UCSD cloud','Rocks. Hosting virtual clusters and virtual machines','serenapan@nchc.narl.org.tw','National Center for High-Performance Computing','/opt/pragma_boot',2,'/opt/pragma_boot','/var/run/pcc','root','Rocks KVM','pragma.nchc.org.tw',32.8248175,-115.1879546,64,128),(8,'TW cloud','Rocks. Hosting virtual clusters and virtual machines','serenapan@nchc.narl.org.tw','National Center for High-Performance Computing','/opt/pragma_boot',2,'/opt/pragma_boot','/var/run/pcc','root','Rocks KVM','pragma.nchc.org.tw',23.4790323,120.4142769,64,64),(9,'B1 cloud','Rocks. Hosting virtual clusters and virtual machines','serenapan@nchc.narl.org.tw','National Center for High-Performance Computing','/opt/pragma_boot',2,'/opt/pragma_boot','/var/run/pcc','root','Rocks KVM','pragma.nchc.org.tw',55.1879546,65.1879546,32,32),(10,'CC cloud','Rocks. Hosting virtual clusters and virtual machines','serenapan@nchc.narl.org.tw','National Center for High-Performance Computing','/opt/pragma_boot',2,'/opt/pragma_boot','/var/run/pcc','root','Rocks KVM','pragma.nchc.org.tw',47.1879546,8.0834012,16,16);
/*!40000 ALTER TABLE `site` ENABLE KEYS */;
UNLOCK TABLES;

--
-- Table structure for table `site_reserved`
--

DROP TABLE IF EXISTS `site_reserved`;
/*!40101 SET @saved_cs_client     = @@character_set_client */;
/*!40101 SET character_set_client = utf8 */;
CREATE TABLE `site_reserved` (
  `reservation_id` bigint(20) unsigned NOT NULL,
  `site_id` bigint(20) unsigned NOT NULL,
  `cpu` int(11) NOT NULL,
  `memory` int(11) NOT NULL,
  `status` varchar(16) NOT NULL,
  KEY `my index` (`reservation_id`,`site_id`),
  KEY `site_reserved_ibfk_2` (`site_id`),
  CONSTRAINT `site_reserved_ibfk_2` FOREIGN KEY (`site_id`) REFERENCES `site` (`site_id`) ON UPDATE NO ACTION,
  CONSTRAINT `site_reserved_ibfk_3` FOREIGN KEY (`reservation_id`) REFERENCES `reservation` (`reservation_id`) ON UPDATE NO ACTION
) ENGINE=InnoDB DEFAULT CHARSET=utf8;
/*!40101 SET character_set_client = @saved_cs_client */;

--
-- Dumping data for table `site_reserved`
--

LOCK TABLES `site_reserved` WRITE;
/*!40000 ALTER TABLE `site_reserved` DISABLE KEYS */;
INSERT INTO `site_reserved` VALUES (8,1,2,2,'cancel'),(8,2,4,8,'cancel'),(9,1,2,2,'cancel'),(9,2,4,8,'cancel'),(10,5,2,2,'cancel'),(10,6,4,8,'cancel'),(11,5,2,2,'waiting'),(11,6,4,8,'waiting'),(12,7,1,1,'waiting'),(13,7,1,1,'waiting'),(14,7,1,1,'waiting'),(15,7,12,123,'waiting'),(16,7,1,1,'waiting'),(17,7,5,12,'waiting'),(18,7,12,12,'waiting'),(19,7,1,1,'waiting'),(20,7,1,1,'waiting'),(21,9,1,1,'waiting'),(21,7,1,1,'waiting'),(22,7,1,1,'waiting'),(23,7,2,4,'waiting'),(23,5,2,4,'waiting'),(24,7,2,2,'waiting'),(25,7,1,1,'waiting'),(26,7,2,2,'waiting'),(27,7,1,1,'waiting'),(28,5,1,1,'waiting'),(29,7,1,1,'waiting'),(30,7,1,1,'waiting'),(31,9,5,2,'waiting'),(32,7,1,1,'waiting'),(33,7,1,1,'waiting'),(34,7,1,1,'waiting'),(35,4,1,1,'waiting'),(35,5,1,1,'waiting'),(35,7,1,1,'waiting'),(36,7,1,1,'cancel'),(37,5,2,2,'cancel'),(38,7,2,2,'cancel'),(39,7,2,2,'cancel'),(40,7,2,2,'cancel'),(41,7,1,1,'waiting'),(42,7,2,2,'waiting'),(43,7,2,2,'waiting'),(43,9,2,2,'waiting'),(43,5,2,2,'waiting'),(44,7,2,2,'cancel'),(44,5,2,2,'cancel'),(45,7,1,1,'cancel'),(45,5,1,1,'cancel'),(46,7,1,1,'cancel'),(46,5,1,1,'cancel'),(47,1,2,4,'waiting'),(47,4,4,8,'waiting'),(48,1,2,4,'cancel'),(48,4,4,8,'cancel'),(49,1,2,4,'cancel'),(49,4,4,8,'cancel'),(50,1,2,4,'cancel'),(50,4,4,8,'cancel'),(51,1,2,4,'cancel'),(51,4,4,8,'cancel'),(52,1,2,4,'cancel'),(52,4,4,8,'cancel'),(53,1,4,4,'waiting'),(54,7,4,4,'waiting'),(55,7,2,4,'waiting'),(56,5,2,4,'waiting'),(57,5,2,2,'waiting'),(57,9,4,8,'waiting'),(58,1,2,4,'waiting'),(58,4,4,8,'waiting'),(59,3,4,2,'cancel'),(60,3,4,2,'cancel'),(61,1,2,4,'cancel'),(62,9,2,4,'cancel'),(62,10,2,4,'cancel'),(63,7,1,1,'waiting'),(64,4,2,4,'waiting'),(65,5,2,2,'waiting'),(65,4,4,4,'waiting'),(66,8,32,32,'waiting'),(67,5,32,32,'waiting'),(67,4,32,32,'waiting'),(68,3,4,2,'cancel'),(69,7,4,2,'cancel'),(70,3,4,2,'cancel'),(71,3,4,2,'cancel'),(72,7,4,8,'waiting');
/*!40000 ALTER TABLE `site_reserved` ENABLE KEYS */;
UNLOCK TABLES;

--
-- Table structure for table `user`
--

DROP TABLE IF EXISTS `user`;
/*!40101 SET @saved_cs_client     = @@character_set_client */;
/*!40101 SET character_set_client = utf8 */;
CREATE TABLE `user` (
  `user_id` bigint(20) unsigned NOT NULL AUTO_INCREMENT,
  `username` varchar(16) NOT NULL,
  `password` varchar(128) NOT NULL,
  `firstname` varchar(32) NOT NULL,
  `lastname` varchar(32) NOT NULL,
  `email` varchar(64) NOT NULL,
  `phone` varchar(24) DEFAULT NULL,
  `status` varchar(5) NOT NULL,
  `organization` varchar(16) NOT NULL,
  `position` varchar(16) NOT NULL,
  `language` varchar(3) NOT NULL,
  `timezone` varchar(32) NOT NULL,
  PRIMARY KEY (`user_id`),
  UNIQUE KEY `user_id` (`user_id`),
  UNIQUE KEY `username` (`username`)
) ENGINE=InnoDB AUTO_INCREMENT=4 DEFAULT CHARSET=utf8;
/*!40101 SET character_set_client = @saved_cs_client */;

--
-- Dumping data for table `user`
--

LOCK TABLES `user` WRITE;
/*!40000 ALTER TABLE `user` DISABLE KEYS */;
INSERT INTO `user` VALUES (1,'project401','d404559f602eab6fd602ac7680dacbfaadd13630335e951f097af3900e9de176b6db28512f2e000b9d04fba5133e8b1c6e8df59db3a8ab9d60be4b97cc9e81db','nannapas','banluesombatkul','nannapas.blsbk@gmail.com',NULL,'user','TU','student','TH','America/New_York'),(2,'admin','d404559f602eab6fd602ac7680dacbfaadd13630335e951f097af3900e9de176b6db28512f2e000b9d04fba5133e8b1c6e8df59db3a8ab9d60be4b97cc9e81db','prapansak','kaewlamul','prapansak.kaew@gmail.com',NULL,'admin','TU','student','TH','America/New_York'),(3,'test','d404559f602eab6fd602ac7680dacbfaadd13630335e951f097af3900e9de176b6db28512f2e000b9d04fba5133e8b1c6e8df59db3a8ab9d60be4b97cc9e81db','pragma','32','pragma@gmail.com',NULL,'user','-','professor','EN','America/New_York');
/*!40000 ALTER TABLE `user` ENABLE KEYS */;
UNLOCK TABLES;
/*!40103 SET TIME_ZONE=@OLD_TIME_ZONE */;

/*!40101 SET SQL_MODE=@OLD_SQL_MODE */;
/*!40014 SET FOREIGN_KEY_CHECKS=@OLD_FOREIGN_KEY_CHECKS */;
/*!40014 SET UNIQUE_CHECKS=@OLD_UNIQUE_CHECKS */;
/*!40101 SET CHARACTER_SET_CLIENT=@OLD_CHARACTER_SET_CLIENT */;
/*!40101 SET CHARACTER_SET_RESULTS=@OLD_CHARACTER_SET_RESULTS */;
/*!40101 SET COLLATION_CONNECTION=@OLD_COLLATION_CONNECTION */;
/*!40111 SET SQL_NOTES=@OLD_SQL_NOTES */;

-- Dump completed on 2017-04-20 11:31:04
